date,name,kp,kp_pred,window,std
2001-03-31 00:00:00,dgp_regression,8.67,6.901199999999999,14,0.96915
2001-03-31 03:00:00,dgp_regression,8.67,7.9572,14,1.0017
2001-03-31 06:00:00,dgp_regression,6.33,8.5995,14,0.9649500000000001
2001-03-31 09:00:00,dgp_regression,7.0,7.057799999999999,14,0.9786000000000001
2001-03-31 12:00:00,dgp_regression,8.0,6.675199999999999,14,0.9786000000000001
2001-03-31 15:00:00,dgp_regression,8.33,8.280399999999998,14,0.96915
2001-03-31 18:00:00,dgp_regression,7.33,7.71335,14,0.97335
2001-03-31 21:00:00,dgp_regression,5.0,6.252800000000001,14,0.97335
2004-07-27 00:00:00,dgp_regression,7.67,8.1612,14,0.9828
2004-07-27 03:00:00,dgp_regression,7.33,8.2616,14,0.90825
2004-07-27 06:00:00,dgp_regression,8.0,8.3872,14,0.903
2004-07-27 09:00:00,dgp_regression,8.67,8.5964,14,0.9177000000000002
2004-07-27 12:00:00,dgp_regression,8.33,8.1788,14,0.94815
2004-07-27 15:00:00,dgp_regression,6.33,6.803450000000001,14,0.9964500000000001
2004-07-27 18:00:00,dgp_regression,6.0,6.16745,14,0.9933
2004-07-27 21:00:00,dgp_regression,3.33,5.612,14,0.9492
2004-11-10 00:00:00,dgp_regression,8.33,7.628399999999999,14,0.9093
2004-11-10 03:00:00,dgp_regression,8.67,8.1316,14,0.9208500000000001
2004-11-10 06:00:00,dgp_regression,8.33,7.9788,14,0.9324
2004-11-10 09:00:00,dgp_regression,7.33,7.10475,14,0.92925
2004-11-10 12:00:00,dgp_regression,6.33,6.2620000000000005,14,0.9512999999999999
2004-11-10 15:00:00,dgp_regression,5.33,5.2768999999999995,14,0.9555000000000001
2004-11-10 18:00:00,dgp_regression,4.33,4.406000000000001,14,0.9555000000000001
2004-11-10 21:00:00,dgp_regression,4.0,3.8680000000000003,14,0.94815
2004-07-25 00:00:00,dgp_regression,7.33,6.4655499999999995,14,0.78435
2004-07-25 03:00:00,dgp_regression,6.33,6.5017,14,0.8568
2004-07-25 06:00:00,dgp_regression,7.67,6.054,14,0.8547000000000001
2004-07-25 09:00:00,dgp_regression,7.33,7.0852,14,0.9219
2004-07-25 12:00:00,dgp_regression,8.0,6.8048,14,0.9324
2004-07-25 15:00:00,dgp_regression,7.33,6.30065,14,0.9660000000000001
2004-07-25 18:00:00,dgp_regression,7.33,5.8255,14,0.9702000000000001
2004-07-25 21:00:00,dgp_regression,7.33,6.3678,14,0.8967000000000002
2003-11-20 00:00:00,dgp_regression,3.67,1.8530000000000002,14,0.90825
2003-11-20 03:00:00,dgp_regression,6.33,3.7179499999999996,14,0.9219
2003-11-20 06:00:00,dgp_regression,6.33,5.3559,14,0.9135
2003-11-20 09:00:00,dgp_regression,7.67,5.8708,14,0.9072000000000001
2003-11-20 12:00:00,dgp_regression,8.67,6.8260000000000005,14,0.9156000000000001
2003-11-20 15:00:00,dgp_regression,8.67,8.532399999999999,14,0.9345000000000001
2003-11-20 18:00:00,dgp_regression,8.0,8.084,14,0.93555
2003-11-20 21:00:00,dgp_regression,6.67,7.266700000000001,14,0.93555
2001-11-06 00:00:00,dgp_regression,8.67,7.894,14,0.9324
2004-11-08 00:00:00,dgp_regression,8.67,7.378,14,0.7528500000000001
2004-11-08 03:00:00,dgp_regression,8.33,8.102,14,0.82425
2004-11-08 06:00:00,dgp_regression,7.0,6.6702,14,0.8379
2004-11-08 09:00:00,dgp_regression,5.0,5.1845,14,0.8568
2004-11-08 12:00:00,dgp_regression,2.67,4.295,14,0.8547000000000001
2004-11-08 15:00:00,dgp_regression,4.33,2.654,14,0.88725
2004-11-08 18:00:00,dgp_regression,5.33,3.3617000000000004,14,0.8788500000000001
2004-11-08 21:00:00,dgp_regression,5.67,4.2822000000000005,14,0.8704500000000001
2000-08-12 00:00:00,dgp_regression,7.33,5.0316,14,0.92925
2000-08-12 03:00:00,dgp_regression,7.67,6.709199999999999,14,0.9429000000000001
2000-08-12 06:00:00,dgp_regression,7.67,6.884399999999999,14,0.8956500000000001
2000-08-12 09:00:00,dgp_regression,7.33,7.26285,14,0.8841000000000001
2000-08-12 12:00:00,dgp_regression,7.33,7.0520499999999995,14,0.8862000000000001
2000-08-12 15:00:00,dgp_regression,6.33,6.63005,14,0.9019500000000001
2000-08-12 18:00:00,dgp_regression,3.67,5.949,14,0.9072000000000001
2000-08-12 21:00:00,dgp_regression,4.33,4.029,14,0.9156000000000001
2004-11-09 00:00:00,dgp_regression,6.0,4.27365,14,0.8883
2004-11-09 03:00:00,dgp_regression,5.0,4.3601,14,0.8914500000000001
2004-11-09 06:00:00,dgp_regression,6.0,4.1385,14,0.9156000000000001
2004-11-09 09:00:00,dgp_regression,7.0,6.5886,14,0.9859500000000001
2004-11-09 12:00:00,dgp_regression,6.67,7.3517,14,0.9964500000000001
2004-11-09 15:00:00,dgp_regression,8.67,6.726800000000001,14,0.9849
2004-11-09 18:00:00,dgp_regression,7.0,8.357450000000002,14,0.97545
2004-11-09 21:00:00,dgp_regression,7.67,7.8908000000000005,14,0.89775
2003-10-31 15:00:00,dgp_regression,4.0,4.23,14,0.90405
2003-10-31 18:00:00,dgp_regression,4.33,3.827,14,0.8883
2003-10-31 21:00:00,dgp_regression,5.0,4.343,14,0.88515
2000-10-05 00:00:00,dgp_regression,6.67,4.661449999999999,14,0.9250499999999999
2000-10-05 03:00:00,dgp_regression,7.67,6.3884,14,0.9324
2000-10-05 06:00:00,dgp_regression,7.33,7.34615,14,0.95025
2000-10-05 09:00:00,dgp_regression,7.67,6.814,14,0.95445
2000-10-05 12:00:00,dgp_regression,6.67,6.6156,14,0.93345
2000-10-05 15:00:00,dgp_regression,6.33,5.8506,14,0.9345000000000001
2000-10-05 18:00:00,dgp_regression,5.0,5.411300000000001,14,0.924
2000-10-05 21:00:00,dgp_regression,2.67,4.281000000000001,14,0.92295
2003-05-29 00:00:00,dgp_regression,3.67,3.804,14,0.65205
2003-05-29 03:00:00,dgp_regression,3.67,3.4810000000000003,14,0.64365
2003-05-29 06:00:00,dgp_regression,3.0,3.293,14,0.7581
2003-05-29 09:00:00,dgp_regression,7.0,3.4164,14,0.7392000000000001
2003-05-29 12:00:00,dgp_regression,7.67,5.735600000000001,14,0.6762
2003-05-29 15:00:00,dgp_regression,8.33,6.7572,14,0.74865
2003-05-29 18:00:00,dgp_regression,8.33,8.866,14,0.7476000000000002
2003-05-29 21:00:00,dgp_regression,7.33,8.7495,14,0.7896000000000001
2003-08-18 00:00:00,dgp_regression,6.33,5.6312999999999995,14,0.8568
2003-08-18 03:00:00,dgp_regression,7.0,5.80745,14,0.8736000000000002
2003-08-18 06:00:00,dgp_regression,6.67,5.6415,14,0.8358
2003-08-18 09:00:00,dgp_regression,7.0,5.5091,14,0.8841000000000001
2003-08-18 12:00:00,dgp_regression,7.33,6.1297999999999995,14,0.8778
2003-08-18 15:00:00,dgp_regression,6.33,6.4167000000000005,14,0.8925
2003-08-18 18:00:00,dgp_regression,6.0,5.55035,14,0.8631000000000001
2003-08-18 21:00:00,dgp_regression,5.67,5.669099999999999,14,0.90615
2001-11-24 00:00:00,dgp_regression,5.33,3.1915999999999998,14,0.987
2001-11-24 03:00:00,dgp_regression,8.33,4.9988,14,0.98805
2001-11-24 06:00:00,dgp_regression,7.0,7.3808,14,1.0248
2001-11-24 09:00:00,dgp_regression,7.67,7.031600000000001,14,1.0185
2001-11-24 12:00:00,dgp_regression,7.33,6.82085,14,1.0153500000000002
2001-11-24 15:00:00,dgp_regression,3.0,6.1610000000000005,14,0.96705
2001-11-24 18:00:00,dgp_regression,4.67,3.1949,14,0.9555000000000001
2001-11-24 21:00:00,dgp_regression,1.67,4.253,14,0.9533999999999999
2005-08-24 00:00:00,dgp_regression,3.33,2.435,14,0.7119
2005-08-24 03:00:00,dgp_regression,6.33,3.5998,14,0.8841000000000001
2005-08-24 06:00:00,dgp_regression,8.67,7.4052,14,0.90825
2005-08-24 09:00:00,dgp_regression,7.33,8.7495,14,0.9187500000000001
2005-08-24 18:00:00,dgp_regression,4.33,6.017,14,0.93555
2005-08-24 21:00:00,dgp_regression,4.67,4.2632,14,0.92715
2005-09-11 00:00:00,dgp_regression,7.0,5.8423,14,0.99015
2005-09-11 03:00:00,dgp_regression,7.67,7.7204,14,0.97545
2005-09-11 12:00:00,dgp_regression,5.33,6.1841,14,0.9124500000000001
2005-09-11 15:00:00,dgp_regression,6.0,5.11005,14,0.9114
2005-09-11 18:00:00,dgp_regression,4.67,5.444,14,0.9072000000000001
2005-09-11 21:00:00,dgp_regression,4.67,4.5908,14,0.92925
2001-10-22 00:00:00,dgp_regression,4.67,6.3845,14,0.9135
2001-10-22 03:00:00,dgp_regression,3.67,4.703,14,0.9114
2001-10-22 06:00:00,dgp_regression,6.0,4.34675,14,0.89985
2001-10-22 09:00:00,dgp_regression,6.0,5.72035,14,0.90405
2001-10-22 12:00:00,dgp_regression,7.33,5.917299999999999,14,0.9208500000000001
2001-10-22 15:00:00,dgp_regression,7.0,6.65405,14,0.9219
2001-10-22 18:00:00,dgp_regression,7.0,6.074350000000001,14,0.93345
2001-10-22 21:00:00,dgp_regression,5.33,5.714300000000001,14,0.9366000000000001
2006-12-15 00:00:00,dgp_regression,7.67,7.1356,14,0.78015
2006-12-15 03:00:00,dgp_regression,6.67,6.40565,14,0.8442000000000001
2006-12-15 06:00:00,dgp_regression,5.67,5.5575,14,0.8683500000000001
2006-12-15 09:00:00,dgp_regression,6.0,4.62555,14,0.87255
2006-12-15 12:00:00,dgp_regression,4.0,4.599,14,0.88305
2006-12-15 15:00:00,dgp_regression,4.0,3.13,14,0.90825
2006-12-15 18:00:00,dgp_regression,3.67,3.227,14,0.9261
2006-12-15 21:00:00,dgp_regression,3.0,3.8280000000000003,14,0.9124500000000001
2000-05-24 00:00:00,dgp_regression,7.67,6.936399999999999,14,0.90405
2000-05-24 03:00:00,dgp_regression,6.0,7.14325,14,0.8631000000000001
2000-05-24 06:00:00,dgp_regression,5.67,5.1741,14,0.89775
2000-05-24 09:00:00,dgp_regression,5.0,4.9298,14,0.9261
2000-05-24 12:00:00,dgp_regression,5.0,4.204400000000001,14,0.9156000000000001
2000-05-24 15:00:00,dgp_regression,6.0,4.4224,14,0.8714999999999999
2000-05-24 18:00:00,dgp_regression,4.33,4.777,14,0.90825
2000-05-24 21:00:00,dgp_regression,4.67,3.77,14,0.88935
2005-05-08 00:00:00,dgp_regression,5.33,5.0861,14,0.8389500000000001
2005-05-08 03:00:00,dgp_regression,3.67,3.7439999999999998,14,0.84315
2005-05-08 06:00:00,dgp_regression,6.0,3.67185,14,0.8252999999999999
2005-05-08 09:00:00,dgp_regression,8.33,6.8588000000000005,14,0.89775
2005-05-08 12:00:00,dgp_regression,7.67,8.734,14,0.9376500000000001
2005-05-08 15:00:00,dgp_regression,5.33,8.0723,14,0.9450000000000001
2005-05-08 18:00:00,dgp_regression,3.67,5.5889999999999995,14,0.8421000000000001
2005-05-08 21:00:00,dgp_regression,3.0,3.602,14,0.882
2005-05-30 00:00:00,dgp_regression,3.33,3.695,14,0.8809500000000001
2005-05-30 03:00:00,dgp_regression,6.33,3.4145,14,0.8967000000000002
2005-05-30 06:00:00,dgp_regression,6.33,5.28025,14,0.9009
2005-05-30 09:00:00,dgp_regression,7.33,5.528,14,0.8841000000000001
2005-05-30 12:00:00,dgp_regression,7.67,6.072399999999999,14,0.88515
2005-05-30 15:00:00,dgp_regression,6.67,6.1141,14,0.9156000000000001
2005-05-30 18:00:00,dgp_regression,4.67,5.273,14,0.92295
2005-05-30 21:00:00,dgp_regression,3.33,4.25,14,0.95865
2012-03-09 00:00:00,dgp_regression,6.33,4.94535,14,0.9145500000000001
2012-03-09 03:00:00,dgp_regression,8.0,6.3792,14,0.8252999999999999
2012-03-09 06:00:00,dgp_regression,7.33,7.11835,14,0.8358
2012-03-09 09:00:00,dgp_regression,6.67,6.5442,14,0.8358
2012-03-09 12:00:00,dgp_regression,5.67,6.036300000000001,14,0.85365
2012-03-09 15:00:00,dgp_regression,3.0,5.075,14,0.861
2012-03-09 18:00:00,dgp_regression,2.33,3.2439999999999998,14,0.8714999999999999
2012-03-09 21:00:00,dgp_regression,4.67,3.131,14,0.861
2005-05-15 00:00:00,dgp_regression,5.67,3.7413,14,0.7686000000000001
2005-05-15 03:00:00,dgp_regression,8.33,7.9452,14,0.94605
2005-05-15 06:00:00,dgp_regression,7.67,7.7252,14,0.8778
2005-05-15 09:00:00,dgp_regression,4.0,4.944,14,0.8389500000000001
2005-05-15 12:00:00,dgp_regression,4.0,2.511,14,0.8232
2005-05-15 15:00:00,dgp_regression,5.0,3.4169,14,0.8273999999999999
2005-05-15 18:00:00,dgp_regression,5.0,4.1576,14,0.8421000000000001
2005-05-15 21:00:00,dgp_regression,4.0,4.165,14,0.8483999999999999
2001-04-11 00:00:00,dgp_regression,2.33,2.6060000000000003,14,0.88305
2001-04-11 03:00:00,dgp_regression,2.0,2.318,14,0.87465
2001-04-11 06:00:00,dgp_regression,2.0,2.07,14,0.9607500000000001
2001-04-11 09:00:00,dgp_regression,3.67,1.875,14,0.9418500000000001
2001-04-11 12:00:00,dgp_regression,8.0,4.1416,14,0.97335
2001-04-11 15:00:00,dgp_regression,7.67,7.127600000000001,14,0.9943500000000001
2001-04-11 18:00:00,dgp_regression,8.33,7.5756000000000006,14,0.9954
2001-04-11 21:00:00,dgp_regression,7.33,7.8468,14,0.9912000000000001
2005-01-18 00:00:00,dgp_regression,5.67,5.814,14,0.8809500000000001
2005-01-18 03:00:00,dgp_regression,7.67,5.2452,14,0.9282
2005-01-18 18:00:00,dgp_regression,5.67,4.9284,14,0.9156000000000001
2005-01-18 21:00:00,dgp_regression,6.33,6.18125,14,0.9450000000000001
2000-04-06 00:00:00,dgp_regression,4.33,1.683,14,0.86205
2000-04-06 03:00:00,dgp_regression,2.67,3.279,14,0.8316000000000001
2000-04-06 06:00:00,dgp_regression,2.33,2.351,14,0.9019500000000001
2000-04-06 09:00:00,dgp_regression,3.33,2.206,14,0.882
2000-04-06 12:00:00,dgp_regression,6.67,3.38985,14,0.8946000000000001
2000-04-06 15:00:00,dgp_regression,8.33,6.147600000000001,14,0.90615
2000-04-06 18:00:00,dgp_regression,8.33,8.1844,14,0.9282
2000-04-06 21:00:00,dgp_regression,8.67,8.4796,14,0.9324
2012-07-15 00:00:00,dgp_regression,5.33,2.5922,14,0.9387000000000001
2012-07-15 03:00:00,dgp_regression,6.67,4.06475,14,0.924
2012-07-15 06:00:00,dgp_regression,6.0,5.9167000000000005,14,0.88935
2012-07-15 09:00:00,dgp_regression,5.33,5.675599999999999,14,0.9177000000000002
2012-07-15 12:00:00,dgp_regression,6.0,5.1831499999999995,14,0.9156000000000001
2012-07-15 15:00:00,dgp_regression,7.0,5.691,14,0.9051
2012-07-15 18:00:00,dgp_regression,6.0,5.9948999999999995,14,0.9019500000000001
2012-07-15 21:00:00,dgp_regression,6.33,5.56245,14,0.9124500000000001
2002-05-23 00:00:00,dgp_regression,2.67,2.5610000000000004,14,0.88725
2002-05-23 03:00:00,dgp_regression,2.0,3.076,14,0.9051
2002-05-23 06:00:00,dgp_regression,6.67,3.12465,14,0.9187500000000001
2002-05-23 09:00:00,dgp_regression,7.67,6.3748000000000005,14,0.95025
2002-05-23 12:00:00,dgp_regression,8.33,7.3187999999999995,14,1.0038
2002-05-23 15:00:00,dgp_regression,5.0,4.0703000000000005,14,0.93555
2002-05-23 18:00:00,dgp_regression,3.33,5.859,14,0.92295
2005-09-12 00:00:00,dgp_regression,4.33,4.546,14,0.8862000000000001
2005-09-12 03:00:00,dgp_regression,7.0,4.6642,14,0.9019500000000001
2005-09-12 06:00:00,dgp_regression,5.67,6.013800000000001,14,0.96915
2005-09-12 09:00:00,dgp_regression,4.67,5.5574,14,0.9765000000000001
2005-09-12 12:00:00,dgp_regression,6.0,6.10625,14,0.9302999999999999
2005-09-12 15:00:00,dgp_regression,6.0,5.89715,14,0.9198
2005-09-12 18:00:00,dgp_regression,7.0,6.0106,14,0.9124500000000001
2005-09-12 21:00:00,dgp_regression,5.67,6.3693,14,0.9009
2001-03-20 00:00:00,dgp_regression,5.67,4.5135,14,0.87255
2001-03-20 03:00:00,dgp_regression,6.0,4.9766,14,0.8967000000000002
2001-03-20 06:00:00,dgp_regression,5.67,4.969799999999999,14,0.8935500000000001
2001-03-20 09:00:00,dgp_regression,7.33,5.16675,14,0.924
2001-03-20 12:00:00,dgp_regression,7.0,6.41265,14,0.924
2001-03-20 15:00:00,dgp_regression,4.33,6.4479999999999995,14,0.9198
2001-03-20 18:00:00,dgp_regression,3.67,4.579,14,0.89985
2001-03-20 21:00:00,dgp_regression,4.0,4.6739999999999995,14,0.924
2000-04-07 00:00:00,dgp_regression,6.0,8.31625,14,0.95445
2000-04-07 03:00:00,dgp_regression,6.0,5.7875,14,0.9177000000000002
2000-04-07 06:00:00,dgp_regression,4.0,4.979,14,0.92715
2000-04-07 09:00:00,dgp_regression,4.0,3.728,14,0.924
2000-04-07 12:00:00,dgp_regression,4.33,3.5989999999999998,14,0.9397500000000001
2000-04-07 15:00:00,dgp_regression,3.67,4.572,14,0.924
2000-04-07 18:00:00,dgp_regression,3.67,3.113,14,0.9282
2000-04-07 21:00:00,dgp_regression,2.33,3.133,14,0.924
2013-03-17 00:00:00,dgp_regression,2.33,1.469,14,0.67935
2013-03-17 06:00:00,dgp_regression,6.33,5.90075,14,0.8379
2013-03-17 09:00:00,dgp_regression,5.67,5.5314,14,0.8589
2013-03-17 12:00:00,dgp_regression,6.33,5.12895,14,0.8169000000000001
2013-03-17 15:00:00,dgp_regression,6.67,5.64575,14,0.8158500000000001
2013-03-17 18:00:00,dgp_regression,6.0,5.56055,14,0.8137500000000001
2013-03-17 21:00:00,dgp_regression,3.0,4.479,14,0.8904
2001-03-31 00:00:00,dgp_regression,8.67,6.6812000000000005,27,0.9639
2001-03-31 03:00:00,dgp_regression,8.67,7.967600000000001,27,1.00275
2001-03-31 06:00:00,dgp_regression,6.33,8.466899999999999,27,0.9576000000000001
2001-03-31 09:00:00,dgp_regression,7.0,6.9430499999999995,27,0.9660000000000001
2001-03-31 12:00:00,dgp_regression,8.0,6.6952,27,0.9722999999999999
2001-03-31 15:00:00,dgp_regression,8.33,8.2948,27,0.9597000000000001
2001-03-31 18:00:00,dgp_regression,7.33,7.71335,27,0.97335
2001-03-31 21:00:00,dgp_regression,5.0,6.1664,27,0.97335
2004-07-27 00:00:00,dgp_regression,7.67,8.0892,27,0.97965
2004-07-27 03:00:00,dgp_regression,7.33,8.7495,27,0.8883
2004-07-27 06:00:00,dgp_regression,8.0,8.2752,27,0.8799
2004-07-27 09:00:00,dgp_regression,8.67,8.5756,27,0.9156000000000001
2004-07-27 12:00:00,dgp_regression,8.33,8.222,27,0.9302999999999999
2004-07-27 15:00:00,dgp_regression,6.33,6.8655,27,0.9933
2004-07-27 18:00:00,dgp_regression,6.0,6.2958,27,0.9828
2004-07-27 21:00:00,dgp_regression,3.33,5.728,27,0.93345
2004-11-10 00:00:00,dgp_regression,8.33,7.626,27,0.8956500000000001
2004-11-10 03:00:00,dgp_regression,8.67,8.13,27,0.90825
2004-11-10 06:00:00,dgp_regression,8.33,7.918,27,0.9177000000000002
2004-11-10 09:00:00,dgp_regression,7.33,7.12515,27,0.9397500000000001
2004-11-10 12:00:00,dgp_regression,6.33,6.3691,27,0.9471
2004-11-10 15:00:00,dgp_regression,5.33,5.385800000000001,27,0.94815
2004-11-10 18:00:00,dgp_regression,4.33,4.352,27,0.9302999999999999
2004-11-10 21:00:00,dgp_regression,4.0,3.877,27,0.94605
2004-07-25 00:00:00,dgp_regression,7.33,6.4256,27,0.7759500000000001
2004-07-25 03:00:00,dgp_regression,6.33,6.3248999999999995,27,0.78855
2004-07-25 06:00:00,dgp_regression,7.67,5.935600000000001,27,0.8001
2004-07-25 09:00:00,dgp_regression,7.33,6.9967999999999995,27,0.8841000000000001
2004-07-25 12:00:00,dgp_regression,8.0,6.763199999999999,27,0.9019500000000001
2004-07-25 18:00:00,dgp_regression,7.33,5.791499999999999,27,0.9639
2004-07-25 21:00:00,dgp_regression,7.33,6.35335,27,0.8483999999999999
2003-11-20 00:00:00,dgp_regression,3.67,1.8519999999999999,27,0.91035
2003-11-20 03:00:00,dgp_regression,6.33,3.66695,27,0.9187500000000001
2003-11-20 06:00:00,dgp_regression,6.33,5.2862,27,0.903
2003-11-20 09:00:00,dgp_regression,7.67,5.9212,27,0.9114
2003-11-20 12:00:00,dgp_regression,8.67,6.839600000000001,27,0.89985
2003-11-20 15:00:00,dgp_regression,8.67,8.514,27,0.9198
2003-11-20 18:00:00,dgp_regression,8.0,8.1024,27,0.924
2003-11-20 21:00:00,dgp_regression,6.67,7.18935,27,0.9261
2001-11-06 00:00:00,dgp_regression,8.67,7.782,27,0.9302999999999999
2004-11-08 00:00:00,dgp_regression,8.67,8.6396,27,0.8316000000000001
2004-11-08 03:00:00,dgp_regression,8.33,8.7116,27,0.8883
2004-11-08 06:00:00,dgp_regression,7.0,6.6991,27,0.84945
2004-11-08 12:00:00,dgp_regression,2.67,4.301,27,0.8673
2004-11-08 15:00:00,dgp_regression,4.33,2.7569999999999997,27,0.87675
2004-11-08 18:00:00,dgp_regression,5.33,3.8576,27,0.9114
2004-11-08 21:00:00,dgp_regression,5.67,4.479299999999999,27,0.90825
2000-08-12 03:00:00,dgp_regression,7.67,6.6972,27,0.9387000000000001
2000-08-12 06:00:00,dgp_regression,7.67,6.914,27,0.8914500000000001
2000-08-12 09:00:00,dgp_regression,7.33,7.109,27,0.8904
2000-08-12 12:00:00,dgp_regression,7.33,7.228,27,0.903
2000-08-12 15:00:00,dgp_regression,6.33,6.6598,27,0.8946000000000001
2000-08-12 18:00:00,dgp_regression,3.67,5.9,27,0.8956500000000001
2000-08-12 21:00:00,dgp_regression,4.33,4.093999999999999,27,0.9093
2004-11-09 00:00:00,dgp_regression,6.0,4.4513,27,0.8914500000000001
2004-11-09 03:00:00,dgp_regression,5.0,4.744400000000001,27,0.9177000000000002
2004-11-09 06:00:00,dgp_regression,6.0,4.4113500000000005,27,0.9208500000000001
2004-11-09 09:00:00,dgp_regression,7.0,6.21375,27,0.99855
2004-11-09 12:00:00,dgp_regression,6.67,6.9267,27,0.9933
2004-11-09 15:00:00,dgp_regression,8.67,6.4692,27,0.9891000000000001
2004-11-09 18:00:00,dgp_regression,7.0,8.279250000000001,27,0.9681000000000001
2004-11-09 21:00:00,dgp_regression,7.67,7.983600000000001,27,0.88305
2003-10-31 15:00:00,dgp_regression,4.0,4.365,27,0.8946000000000001
2003-10-31 18:00:00,dgp_regression,4.33,3.938,27,0.8757000000000001
2003-10-31 21:00:00,dgp_regression,5.0,4.2656,27,0.88305
2000-10-05 00:00:00,dgp_regression,6.67,4.63935,27,0.93345
2000-10-05 03:00:00,dgp_regression,7.67,6.4428,27,0.92715
2000-10-05 06:00:00,dgp_regression,7.33,7.09455,27,0.9597000000000001
2000-10-05 09:00:00,dgp_regression,7.67,6.7692,27,0.9555000000000001
2000-10-05 12:00:00,dgp_regression,6.67,6.566299999999999,27,0.9439500000000001
2000-10-05 15:00:00,dgp_regression,6.33,5.8506,27,0.9345000000000001
2000-10-05 18:00:00,dgp_regression,5.0,5.380699999999999,27,0.93555
2000-10-05 21:00:00,dgp_regression,2.67,4.352,27,0.9387000000000001
2003-05-29 00:00:00,dgp_regression,3.67,3.722,27,0.77175
2003-05-29 03:00:00,dgp_regression,3.67,3.487,27,0.7497000000000001
2003-05-29 06:00:00,dgp_regression,3.0,3.2689999999999997,27,0.7528500000000001
2003-05-29 09:00:00,dgp_regression,7.0,3.35945,27,0.7791
2003-05-29 12:00:00,dgp_regression,7.67,6.034800000000001,27,0.7549500000000001
2003-05-29 15:00:00,dgp_regression,8.33,6.7932,27,0.76125
2003-05-29 18:00:00,dgp_regression,8.33,8.866,27,0.8022
2003-05-29 21:00:00,dgp_regression,7.33,8.7495,27,0.8368500000000001
2003-08-18 00:00:00,dgp_regression,6.33,5.6296,27,0.8022
2003-08-18 03:00:00,dgp_regression,7.0,5.770899999999999,27,0.8578500000000001
2003-08-18 06:00:00,dgp_regression,6.67,6.08945,27,0.8252999999999999
2003-08-18 09:00:00,dgp_regression,7.0,5.4972,27,0.8757000000000001
2003-08-18 12:00:00,dgp_regression,7.33,5.83825,27,0.85365
2003-08-18 15:00:00,dgp_regression,6.33,5.971299999999999,27,0.8673
2003-08-18 18:00:00,dgp_regression,6.0,5.84615,27,0.85575
2003-08-18 21:00:00,dgp_regression,5.67,5.58,27,0.8883
2001-11-24 00:00:00,dgp_regression,5.33,3.1565,27,0.9828
2001-11-24 03:00:00,dgp_regression,8.33,5.058800000000001,27,0.9817500000000001
2001-11-24 06:00:00,dgp_regression,7.0,5.823600000000001,27,1.02165
2001-11-24 09:00:00,dgp_regression,7.67,7.1244,27,1.0174500000000002
2001-11-24 12:00:00,dgp_regression,7.33,7.0188999999999995,27,1.0185
2001-11-24 15:00:00,dgp_regression,3.0,6.3420000000000005,27,0.9628500000000001
2001-11-24 18:00:00,dgp_regression,4.67,3.2759000000000005,27,0.95445
2001-11-24 21:00:00,dgp_regression,1.67,4.169,27,0.95655
2005-08-24 00:00:00,dgp_regression,3.33,2.68,27,0.89775
2005-08-24 03:00:00,dgp_regression,6.33,3.68565,27,0.9135
2005-08-24 06:00:00,dgp_regression,8.67,7.7708,27,0.9429000000000001
2005-08-24 09:00:00,dgp_regression,7.33,8.7495,27,0.9187500000000001
2005-08-24 18:00:00,dgp_regression,4.33,6.081,27,0.9533999999999999
2005-08-24 21:00:00,dgp_regression,4.67,4.2164,27,0.93345
2005-09-11 00:00:00,dgp_regression,7.0,5.81255,27,0.98805
2005-09-11 03:00:00,dgp_regression,7.67,7.222,27,0.987
2005-09-11 12:00:00,dgp_regression,5.33,6.1895,27,0.9450000000000001
2005-09-11 15:00:00,dgp_regression,6.0,5.1568,27,0.9093
2005-09-11 18:00:00,dgp_regression,4.67,5.3927,27,0.903
2005-09-11 21:00:00,dgp_regression,4.67,4.5935,27,0.92925
2001-10-22 00:00:00,dgp_regression,4.67,5.6879,27,0.903
2001-10-22 03:00:00,dgp_regression,3.67,4.692,27,0.90615
2001-10-22 06:00:00,dgp_regression,6.0,4.124899999999999,27,0.9019500000000001
2001-10-22 09:00:00,dgp_regression,6.0,5.722049999999999,27,0.90405
2001-10-22 12:00:00,dgp_regression,7.33,5.6606000000000005,27,0.9072000000000001
2001-10-22 15:00:00,dgp_regression,7.0,6.61835,27,0.9124500000000001
2001-10-22 18:00:00,dgp_regression,7.0,5.90435,27,0.92715
2001-10-22 21:00:00,dgp_regression,5.33,5.528,27,0.9135
2006-12-15 00:00:00,dgp_regression,7.67,7.022,27,0.7707000000000002
2006-12-15 03:00:00,dgp_regression,6.67,6.083500000000001,27,0.7959
2006-12-15 09:00:00,dgp_regression,6.0,4.64595,27,0.8799
2006-12-15 15:00:00,dgp_regression,4.0,3.139,27,0.90615
2006-12-15 18:00:00,dgp_regression,3.67,3.0839999999999996,27,0.92295
2006-12-15 21:00:00,dgp_regression,3.0,3.679,27,0.9135
2000-05-24 00:00:00,dgp_regression,7.67,7.0172,27,0.9282
2000-05-24 03:00:00,dgp_regression,6.0,6.702100000000001,27,0.9387000000000001
2000-05-24 06:00:00,dgp_regression,5.67,5.262300000000001,27,0.95655
2000-05-24 09:00:00,dgp_regression,5.0,5.0639,27,0.9439500000000001
2000-05-24 12:00:00,dgp_regression,5.0,4.4339,27,0.9376500000000001
2000-05-24 15:00:00,dgp_regression,6.0,4.44365,27,0.90825
2000-05-24 18:00:00,dgp_regression,4.33,4.98,27,0.9261
2000-05-24 21:00:00,dgp_regression,4.67,3.9383,27,0.9208500000000001
2005-05-08 00:00:00,dgp_regression,5.33,5.1932,27,0.8505000000000001
2005-05-08 03:00:00,dgp_regression,3.67,3.819,27,0.8252999999999999
2005-05-08 06:00:00,dgp_regression,6.0,3.6956499999999997,27,0.83265
2005-05-08 09:00:00,dgp_regression,8.33,6.7867999999999995,27,0.89985
2005-05-08 12:00:00,dgp_regression,7.67,8.734,27,0.9376500000000001
2005-05-08 15:00:00,dgp_regression,5.33,8.0723,27,0.9450000000000001
2005-05-08 18:00:00,dgp_regression,3.67,5.462000000000001,27,0.8568
2005-05-08 21:00:00,dgp_regression,3.0,4.08,27,0.903
2005-05-30 00:00:00,dgp_regression,3.33,3.699,27,0.8652000000000001
2005-05-30 03:00:00,dgp_regression,6.33,3.4162,27,0.8704500000000001
2005-05-30 06:00:00,dgp_regression,6.33,5.27855,27,0.8935500000000001
2005-05-30 09:00:00,dgp_regression,7.33,5.4948500000000005,27,0.8778
2005-05-30 12:00:00,dgp_regression,7.67,6.0508,27,0.88305
2005-05-30 15:00:00,dgp_regression,6.67,6.01465,27,0.9093
2005-05-30 18:00:00,dgp_regression,4.67,5.186599999999999,27,0.9124500000000001
2005-05-30 21:00:00,dgp_regression,3.33,3.9810000000000003,27,0.9397500000000001
2012-03-09 00:00:00,dgp_regression,6.33,4.94875,27,0.9019500000000001
2012-03-09 03:00:00,dgp_regression,8.0,6.4016,27,0.79695
2012-03-09 06:00:00,dgp_regression,7.33,7.13025,27,0.8106000000000001
2012-03-09 09:00:00,dgp_regression,6.67,6.5442,27,0.8452500000000001
2012-03-09 12:00:00,dgp_regression,5.67,6.097499999999999,27,0.8462999999999999
2012-03-09 15:00:00,dgp_regression,3.0,4.946000000000001,27,0.84945
2012-03-09 18:00:00,dgp_regression,2.33,3.497,27,0.8599500000000001
2012-03-09 21:00:00,dgp_regression,4.67,3.1102999999999996,27,0.84945
2005-05-15 00:00:00,dgp_regression,5.67,3.7305,27,0.7728
2005-05-15 03:00:00,dgp_regression,8.33,8.5788,27,0.9471
2005-05-15 06:00:00,dgp_regression,7.67,7.6828,27,0.88935
2005-05-15 09:00:00,dgp_regression,4.0,5.529,27,0.8273999999999999
2005-05-15 12:00:00,dgp_regression,4.0,2.839,27,0.8379
2005-05-15 15:00:00,dgp_regression,5.0,3.4114999999999998,27,0.8190000000000001
2005-05-15 18:00:00,dgp_regression,5.0,3.9704,27,0.8211
2005-05-15 21:00:00,dgp_regression,4.0,4.004,27,0.8347500000000001
2001-04-11 00:00:00,dgp_regression,2.33,2.67,27,0.9302999999999999
2001-04-11 03:00:00,dgp_regression,2.0,2.189,27,0.91035
2001-04-11 06:00:00,dgp_regression,2.0,2.0380000000000003,27,0.9618
2001-04-11 09:00:00,dgp_regression,3.67,1.835,27,0.95235
2001-04-11 15:00:00,dgp_regression,7.67,7.102,27,1.00275
2001-04-11 18:00:00,dgp_regression,8.33,7.5332,27,0.99855
2001-04-11 21:00:00,dgp_regression,7.33,7.8374500000000005,27,0.9912000000000001
2005-01-18 00:00:00,dgp_regression,5.67,5.846400000000001,27,0.8956500000000001
2005-01-18 03:00:00,dgp_regression,7.67,5.2012,27,0.9250499999999999
2005-01-18 18:00:00,dgp_regression,5.67,5.0328,27,0.9387000000000001
2005-01-18 21:00:00,dgp_regression,6.33,6.2195,27,0.9387000000000001
2000-04-06 00:00:00,dgp_regression,4.33,1.778,27,0.91035
2000-04-06 03:00:00,dgp_regression,2.67,3.534,27,0.89985
2000-04-06 06:00:00,dgp_regression,2.33,2.344,27,0.8935500000000001
2000-04-06 09:00:00,dgp_regression,3.33,2.247,27,0.89775
2000-04-06 12:00:00,dgp_regression,6.67,3.3541499999999997,27,0.88305
2000-04-06 15:00:00,dgp_regression,8.33,6.0188,27,0.9051
2000-04-06 18:00:00,dgp_regression,8.33,8.1964,27,0.9366000000000001
2000-04-06 21:00:00,dgp_regression,8.67,8.4428,27,0.9124500000000001
2012-07-15 00:00:00,dgp_regression,5.33,2.6084,27,0.9302999999999999
2012-07-15 03:00:00,dgp_regression,6.67,4.3376,27,0.9177000000000002
2012-07-15 06:00:00,dgp_regression,6.0,6.0348500000000005,27,0.8841000000000001
2012-07-15 09:00:00,dgp_regression,5.33,5.717,27,0.9093
2012-07-15 12:00:00,dgp_regression,6.0,5.0131499999999996,27,0.88935
2012-07-15 18:00:00,dgp_regression,6.0,6.1003,27,0.9166500000000001
2012-07-15 21:00:00,dgp_regression,6.33,5.4375,27,0.9051
2002-05-23 00:00:00,dgp_regression,2.67,2.6489999999999996,27,0.9072000000000001
2002-05-23 06:00:00,dgp_regression,6.67,2.8934499999999996,27,0.9145500000000001
2002-05-23 09:00:00,dgp_regression,7.67,6.4316,27,0.9418500000000001
2002-05-23 12:00:00,dgp_regression,8.33,7.3908000000000005,27,1.00485
2002-05-23 15:00:00,dgp_regression,5.0,6.3086,27,0.9492
2002-05-23 18:00:00,dgp_regression,3.33,5.519,27,0.9408
2005-09-12 00:00:00,dgp_regression,4.33,4.532,27,0.9198
2005-09-12 03:00:00,dgp_regression,7.0,4.6676,27,0.9261
2005-09-12 06:00:00,dgp_regression,5.67,5.9841,27,0.9722999999999999
2005-09-12 09:00:00,dgp_regression,4.67,5.4925999999999995,27,0.97965
2005-09-12 12:00:00,dgp_regression,6.0,5.44495,27,0.9418500000000001
2005-09-12 15:00:00,dgp_regression,6.0,5.75945,27,0.94605
2005-09-12 18:00:00,dgp_regression,7.0,5.823600000000001,27,0.9324
2005-09-12 21:00:00,dgp_regression,5.67,6.3693,27,0.9009
2001-03-20 00:00:00,dgp_regression,5.67,4.5062999999999995,27,0.8714999999999999
2001-03-20 03:00:00,dgp_regression,6.0,4.951949999999999,27,0.8841000000000001
2001-03-20 06:00:00,dgp_regression,5.67,4.9851,27,0.8694
2001-03-20 09:00:00,dgp_regression,7.33,5.16675,27,0.924
2001-03-20 12:00:00,dgp_regression,7.0,6.507,27,0.9261
2001-03-20 15:00:00,dgp_regression,4.33,6.434,27,0.9208500000000001
2001-03-20 18:00:00,dgp_regression,3.67,4.247,27,0.8988
2001-03-20 21:00:00,dgp_regression,4.0,4.285,27,0.93345
2000-04-07 00:00:00,dgp_regression,6.0,8.39275,27,0.95865
2000-04-07 03:00:00,dgp_regression,6.0,6.0255,27,0.9093
2000-04-07 09:00:00,dgp_regression,4.0,3.667,27,0.9219
2000-04-07 12:00:00,dgp_regression,4.33,3.5989999999999998,27,0.9250499999999999
2000-04-07 15:00:00,dgp_regression,3.67,4.412,27,0.9450000000000001
2000-04-07 18:00:00,dgp_regression,3.67,3.597,27,0.94815
2000-04-07 21:00:00,dgp_regression,2.33,3.512,27,0.9471
2013-03-17 00:00:00,dgp_regression,2.33,1.396,27,0.7266000000000001
2013-03-17 03:00:00,dgp_regression,6.67,2.41065,27,0.7098
2013-03-17 06:00:00,dgp_regression,6.33,6.1515,27,0.8389500000000001
2013-03-17 09:00:00,dgp_regression,5.67,5.6565,27,0.8589
2013-03-17 12:00:00,dgp_regression,6.33,5.162100000000001,27,0.84735
2013-03-17 15:00:00,dgp_regression,6.67,5.684,27,0.8106000000000001
2013-03-17 18:00:00,dgp_regression,6.0,5.63025,27,0.8368500000000001
2013-03-17 21:00:00,dgp_regression,3.0,4.586,27,0.8116500000000001
2001-03-31 00:00:00,dgp_regression,8.67,6.678,54,0.9618
2001-03-31 03:00:00,dgp_regression,8.67,8.934,54,0.9964500000000001
2001-03-31 06:00:00,dgp_regression,6.33,8.3377,54,0.9555000000000001
2001-03-31 09:00:00,dgp_regression,7.0,6.9575000000000005,54,0.9639
2001-03-31 12:00:00,dgp_regression,8.0,6.6648000000000005,54,0.9722999999999999
2001-03-31 15:00:00,dgp_regression,8.33,8.2308,54,0.95235
2001-03-31 18:00:00,dgp_regression,7.33,7.650450000000001,54,0.95445
2001-03-31 21:00:00,dgp_regression,5.0,6.1169,54,0.9681000000000001
2004-07-27 00:00:00,dgp_regression,7.67,7.965199999999999,54,0.94815
2004-07-27 03:00:00,dgp_regression,7.33,8.7495,54,0.8568
2004-07-27 06:00:00,dgp_regression,8.0,8.249600000000001,54,0.87465
2004-07-27 09:00:00,dgp_regression,8.67,8.456399999999999,54,0.8914500000000001
2004-07-27 12:00:00,dgp_regression,8.33,8.078000000000001,54,0.90405
2004-07-27 15:00:00,dgp_regression,6.33,6.86125,54,0.96915
2004-07-27 18:00:00,dgp_regression,6.0,6.06885,54,0.9649500000000001
2004-07-27 21:00:00,dgp_regression,3.33,5.642,54,0.9219
2004-11-10 00:00:00,dgp_regression,8.33,8.1212,54,0.924
2004-11-10 03:00:00,dgp_regression,8.67,8.258,54,0.9282
2004-11-10 06:00:00,dgp_regression,8.33,8.048399999999999,54,0.9345000000000001
2004-11-10 09:00:00,dgp_regression,7.33,7.356350000000001,54,0.9408
2004-11-10 12:00:00,dgp_regression,6.33,6.3385,54,0.9450000000000001
2004-11-10 15:00:00,dgp_regression,5.33,5.4272,54,0.9450000000000001
2004-11-10 18:00:00,dgp_regression,4.33,4.612,54,0.9429000000000001
2004-11-10 21:00:00,dgp_regression,4.0,3.8819999999999997,54,0.9418500000000001
2004-07-25 00:00:00,dgp_regression,7.33,5.97935,54,0.6992999999999999
2004-07-25 03:00:00,dgp_regression,6.33,6.277299999999999,54,0.7749
2004-07-25 06:00:00,dgp_regression,7.67,5.7684,54,0.76335
2004-07-25 09:00:00,dgp_regression,7.33,6.60665,54,0.798
2004-07-25 12:00:00,dgp_regression,8.0,6.7,54,0.8232
2004-07-25 15:00:00,dgp_regression,7.33,6.5463,54,0.8714999999999999
2004-07-25 18:00:00,dgp_regression,7.33,5.9003,54,0.924
2004-07-25 21:00:00,dgp_regression,7.33,6.268350000000001,54,0.8337000000000001
2003-11-20 00:00:00,dgp_regression,3.67,1.82,54,0.92715
2003-11-20 03:00:00,dgp_regression,6.33,3.6626999999999996,54,0.9261
2003-11-20 06:00:00,dgp_regression,6.33,5.245399999999999,54,0.90405
2003-11-20 12:00:00,dgp_regression,8.67,7.23,54,0.9219
2003-11-20 15:00:00,dgp_regression,8.67,8.563600000000001,54,0.9345000000000001
2003-11-20 21:00:00,dgp_regression,6.67,7.17745,54,0.9376500000000001
2001-11-06 00:00:00,dgp_regression,8.67,7.6251999999999995,54,0.92715
2004-11-08 00:00:00,dgp_regression,8.67,8.6732,54,0.8400000000000001
2004-11-08 03:00:00,dgp_regression,8.33,8.5804,54,0.8778
2004-11-08 06:00:00,dgp_regression,7.0,7.2924,54,0.9166500000000001
2004-11-08 09:00:00,dgp_regression,5.0,5.8225999999999996,54,0.89985
2004-11-08 12:00:00,dgp_regression,2.67,4.369,54,0.903
2004-11-08 15:00:00,dgp_regression,4.33,2.8089999999999997,54,0.903
2004-11-08 18:00:00,dgp_regression,5.33,3.8108,54,0.9187500000000001
2004-11-08 21:00:00,dgp_regression,5.67,4.4658,54,0.9019500000000001
2000-08-12 00:00:00,dgp_regression,7.33,5.1234,54,0.9408
2000-08-12 03:00:00,dgp_regression,7.67,6.7684,54,0.95865
2000-08-12 06:00:00,dgp_regression,7.67,6.8876,54,0.9009
2000-08-12 09:00:00,dgp_regression,7.33,6.9738500000000005,54,0.89775
2000-08-12 12:00:00,dgp_regression,7.33,7.0784,54,0.9124500000000001
2000-08-12 15:00:00,dgp_regression,6.33,6.7499,54,0.9198
2000-08-12 18:00:00,dgp_regression,3.67,5.834,54,0.91035
2000-08-12 21:00:00,dgp_regression,4.33,4.115,54,0.9166500000000001
2004-11-09 00:00:00,dgp_regression,6.0,4.6094,54,0.9261
2004-11-09 03:00:00,dgp_regression,5.0,4.7651,54,0.9072000000000001
2004-11-09 06:00:00,dgp_regression,6.0,4.37735,54,0.9198
2004-11-09 09:00:00,dgp_regression,7.0,5.95535,54,0.9974999999999999
2004-11-09 12:00:00,dgp_regression,6.67,6.8655,54,0.99015
2004-11-09 15:00:00,dgp_regression,8.67,6.404399999999999,54,0.9838500000000001
2004-11-09 18:00:00,dgp_regression,7.0,8.21295,54,0.9943500000000001
2004-11-09 21:00:00,dgp_regression,7.67,8.21,54,0.9145500000000001
2003-10-31 15:00:00,dgp_regression,4.0,4.788,54,0.9145500000000001
2003-10-31 18:00:00,dgp_regression,4.33,4.227,54,0.9009
2003-10-31 21:00:00,dgp_regression,5.0,4.4636,54,0.89985
2000-10-05 00:00:00,dgp_regression,6.67,4.7184,54,0.9261
2000-10-05 03:00:00,dgp_regression,7.67,6.304399999999999,54,0.92715
2000-10-05 06:00:00,dgp_regression,7.33,7.042700000000001,54,0.9555000000000001
2000-10-05 09:00:00,dgp_regression,7.67,6.7668,54,0.95655
2000-10-05 12:00:00,dgp_regression,6.67,6.6343,54,0.9345000000000001
2000-10-05 15:00:00,dgp_regression,6.33,5.79875,54,0.92925
2000-10-05 18:00:00,dgp_regression,5.0,5.2655,54,0.93135
2000-10-05 21:00:00,dgp_regression,2.67,4.217,54,0.9387000000000001
2003-05-29 00:00:00,dgp_regression,3.67,3.701,54,0.7528500000000001
2003-05-29 03:00:00,dgp_regression,3.67,3.469,54,0.7413
2003-05-29 06:00:00,dgp_regression,3.0,3.2710000000000004,54,0.7339500000000001
2003-05-29 09:00:00,dgp_regression,7.0,3.3586,54,0.7696500000000001
2003-05-29 12:00:00,dgp_regression,7.67,6.07,54,0.76335
2003-05-29 15:00:00,dgp_regression,8.33,6.8652,54,0.76125
2003-05-29 18:00:00,dgp_regression,8.33,8.866,54,0.7759500000000001
2003-05-29 21:00:00,dgp_regression,7.33,8.7495,54,0.8158500000000001
2003-08-18 00:00:00,dgp_regression,6.33,5.3593,54,0.82845
2003-08-18 03:00:00,dgp_regression,7.0,5.8049,54,0.8547000000000001
2003-08-18 06:00:00,dgp_regression,6.67,6.21355,54,0.8526000000000001
2003-08-18 09:00:00,dgp_regression,7.0,5.92645,54,0.9051
2003-08-18 12:00:00,dgp_regression,7.33,6.3304,54,0.8883
2003-08-18 15:00:00,dgp_regression,6.33,6.2535,54,0.87255
2003-08-18 18:00:00,dgp_regression,6.0,5.85975,54,0.87675
2003-08-18 21:00:00,dgp_regression,5.67,5.5206,54,0.9009
2001-11-24 00:00:00,dgp_regression,5.33,3.1439000000000004,54,0.9743999999999999
2001-11-24 03:00:00,dgp_regression,8.33,5.0396,54,0.9660000000000001
2001-11-24 06:00:00,dgp_regression,7.0,5.5040000000000004,54,1.0206
2001-11-24 09:00:00,dgp_regression,7.67,6.9284,54,1.0143
2001-11-24 12:00:00,dgp_regression,7.33,6.9483500000000005,54,1.01325
2001-11-24 15:00:00,dgp_regression,3.0,6.401,54,0.9628500000000001
2001-11-24 18:00:00,dgp_regression,4.67,3.3434,54,0.9533999999999999
2001-11-24 21:00:00,dgp_regression,1.67,4.379,54,0.9397500000000001
2005-08-24 00:00:00,dgp_regression,3.33,2.6510000000000002,54,0.9408
2005-08-24 03:00:00,dgp_regression,6.33,3.7119999999999997,54,0.9366000000000001
2005-08-24 06:00:00,dgp_regression,8.67,7.4836,54,0.9681000000000001
2005-08-24 09:00:00,dgp_regression,7.33,8.7495,54,0.9702000000000001
2005-08-24 18:00:00,dgp_regression,4.33,5.952999999999999,54,0.9807000000000001
2005-08-24 21:00:00,dgp_regression,4.67,4.3001,54,0.9765000000000001
2005-09-11 00:00:00,dgp_regression,7.0,5.990200000000001,54,0.9996000000000002
2005-09-11 03:00:00,dgp_regression,7.67,7.5468,54,1.01115
2005-09-11 12:00:00,dgp_regression,5.33,6.1949000000000005,54,0.95865
2005-09-11 15:00:00,dgp_regression,6.0,5.082,54,0.9607500000000001
2005-09-11 18:00:00,dgp_regression,4.67,5.3918,54,0.9533999999999999
2005-09-11 21:00:00,dgp_regression,4.67,4.5611,54,0.9397500000000001
2001-10-22 00:00:00,dgp_regression,4.67,5.9471,54,0.9124500000000001
2001-10-22 03:00:00,dgp_regression,3.67,4.256,54,0.90825
2001-10-22 06:00:00,dgp_regression,6.0,4.0042,54,0.90405
2001-10-22 09:00:00,dgp_regression,6.0,5.3574,54,0.90405
2001-10-22 12:00:00,dgp_regression,7.33,5.602799999999999,54,0.903
2001-10-22 15:00:00,dgp_regression,7.0,6.3132,54,0.9072000000000001
2001-10-22 18:00:00,dgp_regression,7.0,5.84655,54,0.9166500000000001
2001-10-22 21:00:00,dgp_regression,5.33,5.4722,54,0.9093
2006-12-15 00:00:00,dgp_regression,7.67,6.8164,54,0.7675500000000001
2006-12-15 03:00:00,dgp_regression,6.67,6.083500000000001,54,0.7959
2006-12-15 06:00:00,dgp_regression,5.67,5.2398,54,0.7927500000000001
2006-12-15 09:00:00,dgp_regression,6.0,4.5813500000000005,54,0.8295000000000001
2006-12-15 12:00:00,dgp_regression,4.0,4.53,54,0.80535
2006-12-15 15:00:00,dgp_regression,4.0,3.2939999999999996,54,0.85155
2006-12-15 18:00:00,dgp_regression,3.67,3.0189999999999997,54,0.88515
2006-12-15 21:00:00,dgp_regression,3.0,3.404,54,0.8714999999999999
2000-05-24 00:00:00,dgp_regression,7.67,7.3596,54,0.9282
2000-05-24 03:00:00,dgp_regression,6.0,6.64855,54,0.92295
2000-05-24 06:00:00,dgp_regression,5.67,5.2632,54,0.9712500000000001
2000-05-24 09:00:00,dgp_regression,5.0,5.1358999999999995,54,0.924
2000-05-24 12:00:00,dgp_regression,5.0,4.505,54,0.92715
2000-05-24 15:00:00,dgp_regression,6.0,4.572,54,0.9166500000000001
2000-05-24 18:00:00,dgp_regression,4.33,4.968999999999999,54,0.9282
2000-05-24 21:00:00,dgp_regression,4.67,3.9715999999999996,54,0.93345
2005-05-08 00:00:00,dgp_regression,5.33,4.9988,54,0.86205
2005-05-08 03:00:00,dgp_regression,3.67,3.818,54,0.8568
2005-05-08 06:00:00,dgp_regression,6.0,3.6982,54,0.8295000000000001
2005-05-08 09:00:00,dgp_regression,8.33,6.4548000000000005,54,0.9019500000000001
2005-05-08 12:00:00,dgp_regression,7.67,8.734,54,0.9345000000000001
2005-05-08 15:00:00,dgp_regression,5.33,8.2469,54,0.93555
2005-05-08 18:00:00,dgp_regression,3.67,5.417999999999999,54,0.8704500000000001
2005-05-08 21:00:00,dgp_regression,3.0,4.221,54,0.8589
2005-05-30 00:00:00,dgp_regression,3.33,3.737,54,0.8704500000000001
2005-05-30 03:00:00,dgp_regression,6.33,3.4077,54,0.87675
2005-05-30 06:00:00,dgp_regression,6.33,5.21565,54,0.87675
2005-05-30 09:00:00,dgp_regression,7.33,5.4311,54,0.8809500000000001
2005-05-30 12:00:00,dgp_regression,7.67,5.9516,54,0.8841000000000001
2005-05-30 15:00:00,dgp_regression,6.67,5.928799999999999,54,0.9051
2005-05-30 18:00:00,dgp_regression,4.67,5.0075,54,0.88515
2005-05-30 21:00:00,dgp_regression,3.33,3.8289999999999997,54,0.9376500000000001
2012-03-09 00:00:00,dgp_regression,6.33,4.94875,54,0.9019500000000001
2012-03-09 03:00:00,dgp_regression,8.0,6.4159999999999995,54,0.8158500000000001
2012-03-09 06:00:00,dgp_regression,7.33,7.0767,54,0.8137500000000001
2012-03-09 09:00:00,dgp_regression,6.67,6.57735,54,0.82845
2012-03-09 12:00:00,dgp_regression,5.67,6.021,54,0.8462999999999999
2012-03-09 15:00:00,dgp_regression,3.0,5.027,54,0.8589
2012-03-09 18:00:00,dgp_regression,2.33,3.409,54,0.8526000000000001
2012-03-09 21:00:00,dgp_regression,4.67,3.0743,54,0.85365
2005-05-15 00:00:00,dgp_regression,5.67,3.6225,54,0.82005
2005-05-15 03:00:00,dgp_regression,8.33,8.6516,54,0.9324
2005-05-15 06:00:00,dgp_regression,7.67,7.1036,54,0.8904
2005-05-15 09:00:00,dgp_regression,4.0,4.879,54,0.8389500000000001
2005-05-15 12:00:00,dgp_regression,4.0,2.733,54,0.8379
2005-05-15 15:00:00,dgp_regression,5.0,3.164,54,0.8232
2005-05-15 18:00:00,dgp_regression,5.0,3.9875,54,0.84735
2005-05-15 21:00:00,dgp_regression,4.0,3.965,54,0.8295000000000001
2001-04-11 00:00:00,dgp_regression,2.33,2.641,54,0.9492
2001-04-11 03:00:00,dgp_regression,2.0,2.168,54,0.9345000000000001
2001-04-11 06:00:00,dgp_regression,2.0,2.081,54,0.9512999999999999
2001-04-11 09:00:00,dgp_regression,3.67,1.8769999999999998,54,0.9397500000000001
2001-04-11 12:00:00,dgp_regression,8.0,4.1655999999999995,54,0.96705
2001-04-11 15:00:00,dgp_regression,7.67,7.1444,54,0.9996000000000002
2001-04-11 18:00:00,dgp_regression,8.33,7.5788,54,0.9964500000000001
2001-04-11 21:00:00,dgp_regression,7.33,7.77965,54,0.9912000000000001
2005-01-18 00:00:00,dgp_regression,5.67,6.0866999999999996,54,0.95025
2005-01-18 03:00:00,dgp_regression,7.67,5.3868,54,0.9891000000000001
2005-01-18 18:00:00,dgp_regression,5.67,5.274,54,0.9933
2005-01-18 21:00:00,dgp_regression,6.33,6.2654,54,1.00695
2000-04-06 00:00:00,dgp_regression,4.33,1.7519999999999998,54,0.8925
2000-04-06 03:00:00,dgp_regression,2.67,3.344,54,0.903
2000-04-06 06:00:00,dgp_regression,2.33,2.299,54,0.8704500000000001
2000-04-06 09:00:00,dgp_regression,3.33,2.128,54,0.8841000000000001
2000-04-06 12:00:00,dgp_regression,6.67,3.3363,54,0.86205
2000-04-06 15:00:00,dgp_regression,8.33,6.0276000000000005,54,0.87675
2012-07-15 00:00:00,dgp_regression,5.33,3.2069,54,0.90615
2012-07-15 03:00:00,dgp_regression,6.67,4.1064,54,0.924
2012-07-15 09:00:00,dgp_regression,5.33,5.5793,54,0.8673
2012-07-15 12:00:00,dgp_regression,6.0,5.157649999999999,54,0.8736000000000002
2012-07-15 15:00:00,dgp_regression,7.0,5.72415,54,0.8757000000000001
2012-07-15 18:00:00,dgp_regression,6.0,6.0535499999999995,54,0.8967000000000002
2012-07-15 21:00:00,dgp_regression,6.33,5.408600000000001,54,0.8883
2002-05-23 00:00:00,dgp_regression,2.67,2.568,54,0.8914500000000001
2002-05-23 03:00:00,dgp_regression,2.0,2.807,54,0.8967000000000002
2002-05-23 06:00:00,dgp_regression,6.67,2.88155,54,0.9124500000000001
2002-05-23 09:00:00,dgp_regression,7.67,6.0212,54,0.94605
2002-05-23 12:00:00,dgp_regression,8.33,7.1028,54,0.99855
2002-05-23 15:00:00,dgp_regression,5.0,7.4255,54,0.98805
2002-05-23 18:00:00,dgp_regression,3.33,5.357,54,0.9891000000000001
2005-09-12 00:00:00,dgp_regression,4.33,4.506,54,0.92715
2005-09-12 03:00:00,dgp_regression,7.0,4.6472,54,0.9376500000000001
2005-09-12 06:00:00,dgp_regression,5.67,5.805000000000001,54,1.00695
2005-09-12 09:00:00,dgp_regression,4.67,5.4413,54,0.99225
2005-09-12 12:00:00,dgp_regression,6.0,5.388,54,0.96915
2005-09-12 15:00:00,dgp_regression,6.0,5.7509500000000005,54,0.97335
2005-09-12 18:00:00,dgp_regression,7.0,5.8168,54,0.9471
2005-09-12 21:00:00,dgp_regression,5.67,6.2658000000000005,54,0.93345
2001-03-20 00:00:00,dgp_regression,5.67,4.3416,54,0.8347500000000001
2001-03-20 03:00:00,dgp_regression,6.0,4.81255,54,0.8221499999999999
2001-03-20 06:00:00,dgp_regression,5.67,4.8429,54,0.8358
2001-03-20 09:00:00,dgp_regression,7.33,5.00185,54,0.882
2001-03-20 12:00:00,dgp_regression,7.0,6.2775,54,0.89985
2001-03-20 15:00:00,dgp_regression,4.33,6.021,54,0.8914500000000001
2001-03-20 18:00:00,dgp_regression,3.67,4.154,54,0.8799
2001-03-20 21:00:00,dgp_regression,4.0,3.935,54,0.9324
2000-04-07 00:00:00,dgp_regression,6.0,8.1607,54,0.9376500000000001
2000-04-07 03:00:00,dgp_regression,6.0,6.181049999999999,54,0.8935500000000001
2000-04-07 06:00:00,dgp_regression,4.0,5.115,54,0.9135
2000-04-07 09:00:00,dgp_regression,4.0,3.698,54,0.9156000000000001
2000-04-07 12:00:00,dgp_regression,4.33,3.636,54,0.9219
2000-04-07 15:00:00,dgp_regression,3.67,4.084,54,0.92295
2000-04-07 18:00:00,dgp_regression,3.67,3.3710000000000004,54,0.92715
2000-04-07 21:00:00,dgp_regression,2.33,3.3510000000000004,54,0.9250499999999999
2013-03-17 00:00:00,dgp_regression,2.33,1.5859999999999999,54,0.70245
2013-03-17 03:00:00,dgp_regression,6.67,2.52455,54,0.7434
2013-03-17 06:00:00,dgp_regression,6.33,6.3555,54,0.80745
2013-03-17 09:00:00,dgp_regression,5.67,5.9004,54,0.8295000000000001
2013-03-17 12:00:00,dgp_regression,6.33,5.302350000000001,54,0.83055
2013-03-17 15:00:00,dgp_regression,6.67,5.7469,54,0.8022
2013-03-17 18:00:00,dgp_regression,6.0,5.57585,54,0.8158500000000001
2013-03-17 21:00:00,dgp_regression,3.0,4.757,54,0.8211
2001-03-31 00:00:00,dgp_regression,8.67,6.6508,81,0.9471
2001-03-31 03:00:00,dgp_regression,8.67,8.934,81,0.9912000000000001
2001-03-31 06:00:00,dgp_regression,6.33,8.192350000000001,81,0.9471
2001-03-31 09:00:00,dgp_regression,7.0,6.818950000000001,81,0.95235
2001-03-31 12:00:00,dgp_regression,8.0,6.669600000000001,81,0.96915
2001-03-31 15:00:00,dgp_regression,8.33,8.0132,81,0.9429000000000001
2001-03-31 18:00:00,dgp_regression,7.33,7.551,81,0.95235
2001-03-31 21:00:00,dgp_regression,5.0,6.2132,81,0.9681000000000001
2004-07-27 00:00:00,dgp_regression,7.67,7.9452,81,0.9408
2004-07-27 03:00:00,dgp_regression,7.33,8.7495,81,0.8295000000000001
2004-07-27 06:00:00,dgp_regression,8.0,7.6416,81,0.85155
2004-07-27 09:00:00,dgp_regression,8.67,8.1492,81,0.8946000000000001
2004-07-27 12:00:00,dgp_regression,8.33,7.9532,81,0.8809500000000001
2004-07-27 15:00:00,dgp_regression,6.33,6.927549999999999,81,0.9639
2004-07-27 18:00:00,dgp_regression,6.0,5.88525,81,0.9607500000000001
2004-07-27 21:00:00,dgp_regression,3.33,5.617999999999999,81,0.91035
2004-11-10 00:00:00,dgp_regression,8.33,8.2652,81,0.9408
2004-11-10 03:00:00,dgp_regression,8.67,8.4276,81,0.9471
2004-11-10 06:00:00,dgp_regression,8.33,8.1244,81,0.94815
2004-11-10 09:00:00,dgp_regression,7.33,7.4167000000000005,81,0.9533999999999999
2004-11-10 12:00:00,dgp_regression,6.33,6.39545,81,0.94815
2004-11-10 15:00:00,dgp_regression,5.33,5.4002,81,0.95025
2004-11-10 18:00:00,dgp_regression,4.33,4.545,81,0.9471
2004-11-10 21:00:00,dgp_regression,4.0,3.845,81,0.9387000000000001
2004-07-25 00:00:00,dgp_regression,7.33,5.7575,81,0.7434
2004-07-25 03:00:00,dgp_regression,6.33,5.8285,81,0.7623
2004-07-25 06:00:00,dgp_regression,7.67,5.5956,81,0.78855
2004-07-25 09:00:00,dgp_regression,7.33,6.39075,81,0.8179500000000001
2004-07-25 12:00:00,dgp_regression,8.0,6.661600000000001,81,0.8379
2004-07-25 15:00:00,dgp_regression,7.33,6.742649999999999,81,0.8809500000000001
2004-07-25 18:00:00,dgp_regression,7.33,6.0074,81,0.9187500000000001
2004-07-25 21:00:00,dgp_regression,7.33,6.08305,81,0.82005
2003-11-20 00:00:00,dgp_regression,3.67,1.798,81,0.9250499999999999
2003-11-20 03:00:00,dgp_regression,6.33,3.6644,81,0.9208500000000001
2003-11-20 06:00:00,dgp_regression,6.33,5.345700000000001,81,0.9166500000000001
2003-11-20 09:00:00,dgp_regression,7.67,6.3388,81,0.9166500000000001
2003-11-20 12:00:00,dgp_regression,8.67,6.6588,81,0.90615
2003-11-20 15:00:00,dgp_regression,8.67,8.111600000000001,81,0.9282
2003-11-20 18:00:00,dgp_regression,8.0,8.135200000000001,81,0.9145500000000001
2003-11-20 21:00:00,dgp_regression,6.67,7.0525,81,0.9250499999999999
2001-11-06 00:00:00,dgp_regression,8.67,7.6348,81,0.9187500000000001
2004-11-08 00:00:00,dgp_regression,8.67,8.934,81,0.9177000000000002
2004-11-08 03:00:00,dgp_regression,8.33,8.866,81,0.92925
2004-11-08 06:00:00,dgp_regression,7.0,7.470899999999999,81,0.9261
2004-11-08 09:00:00,dgp_regression,5.0,5.9855,81,0.9387000000000001
2004-11-08 12:00:00,dgp_regression,2.67,4.486000000000001,81,0.93345
2004-11-08 15:00:00,dgp_regression,4.33,2.807,81,0.9324
2004-11-08 18:00:00,dgp_regression,5.33,3.8882000000000003,81,0.9366000000000001
2004-11-08 21:00:00,dgp_regression,5.67,4.532400000000001,81,0.9324
2000-08-12 00:00:00,dgp_regression,7.33,5.0928,81,0.9533999999999999
2000-08-12 06:00:00,dgp_regression,7.67,6.9556000000000004,81,0.9051
2000-08-12 09:00:00,dgp_regression,7.33,7.057149999999999,81,0.9019500000000001
2000-08-12 12:00:00,dgp_regression,7.33,7.007000000000001,81,0.9051
2000-08-12 15:00:00,dgp_regression,6.33,6.6768,81,0.9093
2000-08-12 18:00:00,dgp_regression,3.67,5.857,81,0.9093
2000-08-12 21:00:00,dgp_regression,4.33,4.102,81,0.9114
2004-11-09 00:00:00,dgp_regression,6.0,4.674,81,0.93555
2004-11-09 03:00:00,dgp_regression,5.0,4.7615,81,0.93135
2004-11-09 06:00:00,dgp_regression,6.0,4.345899999999999,81,0.9450000000000001
2004-11-09 09:00:00,dgp_regression,7.0,5.990200000000001,81,1.00275
2004-11-09 12:00:00,dgp_regression,6.67,6.54675,81,1.00065
2004-11-09 15:00:00,dgp_regression,8.67,6.3356,81,0.9943500000000001
2004-11-09 18:00:00,dgp_regression,7.0,8.1815,81,0.99015
2004-11-09 21:00:00,dgp_regression,7.67,8.3572,81,0.9387000000000001
2003-10-31 15:00:00,dgp_regression,4.0,4.875,81,0.92295
2003-10-31 18:00:00,dgp_regression,4.33,4.207,81,0.9093
2003-10-31 21:00:00,dgp_regression,5.0,4.4159,81,0.9093
2000-10-05 03:00:00,dgp_regression,7.67,6.3156,81,0.9250499999999999
2000-10-05 06:00:00,dgp_regression,7.33,6.9951,81,0.9628500000000001
2000-10-05 09:00:00,dgp_regression,7.67,6.634,81,0.9555000000000001
2000-10-05 12:00:00,dgp_regression,6.67,6.5569500000000005,81,0.9376500000000001
2000-10-05 15:00:00,dgp_regression,6.33,5.7715499999999995,81,0.93345
2000-10-05 18:00:00,dgp_regression,5.0,5.298800000000001,81,0.9439500000000001
2000-10-05 21:00:00,dgp_regression,2.67,4.235,81,0.9471
2003-05-29 00:00:00,dgp_regression,3.67,3.68,81,0.7318500000000001
2003-05-29 03:00:00,dgp_regression,3.67,3.425,81,0.7549500000000001
2003-05-29 06:00:00,dgp_regression,3.0,3.2319999999999998,81,0.7413
2003-05-29 09:00:00,dgp_regression,7.0,3.4011,81,0.7665
2003-05-29 12:00:00,dgp_regression,7.67,6.1236,81,0.7539
2003-05-29 15:00:00,dgp_regression,8.33,6.9956000000000005,81,0.7696500000000001
2003-05-29 18:00:00,dgp_regression,8.33,8.866,81,0.7707000000000002
2003-05-29 21:00:00,dgp_regression,7.33,8.7495,81,0.8127000000000001
2003-08-18 00:00:00,dgp_regression,6.33,5.3304,81,0.8022
2003-08-18 03:00:00,dgp_regression,7.0,5.47,81,0.8379
2003-08-18 06:00:00,dgp_regression,6.67,5.871,81,0.8221499999999999
2003-08-18 09:00:00,dgp_regression,7.0,5.714799999999999,81,0.88305
2003-08-18 12:00:00,dgp_regression,7.33,6.0941,81,0.8841000000000001
2003-08-18 15:00:00,dgp_regression,6.33,6.0333499999999995,81,0.8483999999999999
2003-08-18 18:00:00,dgp_regression,6.0,5.49425,81,0.84315
2003-08-18 21:00:00,dgp_regression,5.67,5.3046,81,0.882
2001-11-24 00:00:00,dgp_regression,5.33,3.1106,81,0.9712500000000001
2001-11-24 03:00:00,dgp_regression,8.33,5.0092,81,0.96705
2001-11-24 06:00:00,dgp_regression,7.0,5.5116499999999995,81,1.0185
2001-11-24 09:00:00,dgp_regression,7.67,6.906,81,1.0164
2001-11-24 12:00:00,dgp_regression,7.33,6.83445,81,1.0143
2001-11-24 15:00:00,dgp_regression,3.0,6.32,81,0.95025
2001-11-24 18:00:00,dgp_regression,4.67,3.5,81,0.9429000000000001
2001-11-24 21:00:00,dgp_regression,1.67,4.3839999999999995,81,0.9429000000000001
2005-08-24 00:00:00,dgp_regression,3.33,2.522,81,0.9408
2005-08-24 03:00:00,dgp_regression,6.33,3.61255,81,0.92295
2005-08-24 06:00:00,dgp_regression,8.67,7.4204,81,0.96705
2005-08-24 09:00:00,dgp_regression,7.33,8.672149999999998,81,0.9660000000000001
2005-08-24 18:00:00,dgp_regression,4.33,6.001,81,0.97965
2005-08-24 21:00:00,dgp_regression,4.67,4.1741,81,0.9712500000000001
2005-09-11 00:00:00,dgp_regression,7.0,5.997,81,1.0143
2005-09-11 03:00:00,dgp_regression,7.67,7.3292,81,1.02375
2005-09-11 12:00:00,dgp_regression,5.33,6.170599999999999,81,0.97545
2005-09-11 15:00:00,dgp_regression,6.0,5.01145,81,0.9859500000000001
2005-09-11 18:00:00,dgp_regression,4.67,5.383699999999999,81,0.9628500000000001
2005-09-11 21:00:00,dgp_regression,4.67,4.5242,81,0.9555000000000001
2001-10-22 00:00:00,dgp_regression,4.67,5.9903,81,0.9019500000000001
2001-10-22 03:00:00,dgp_regression,3.67,4.313,81,0.8967000000000002
2001-10-22 06:00:00,dgp_regression,6.0,3.9625500000000002,81,0.90615
2001-10-22 09:00:00,dgp_regression,6.0,5.31915,81,0.8988
2001-10-22 12:00:00,dgp_regression,7.33,5.57305,81,0.903
2001-10-22 15:00:00,dgp_regression,7.0,6.2826,81,0.90825
2001-10-22 18:00:00,dgp_regression,7.0,5.9426000000000005,81,0.9208500000000001
2001-10-22 21:00:00,dgp_regression,5.33,5.5630999999999995,81,0.9177000000000002
2006-12-15 00:00:00,dgp_regression,7.67,6.8108,81,0.80955
2006-12-15 03:00:00,dgp_regression,6.67,6.056299999999999,81,0.83265
2006-12-15 06:00:00,dgp_regression,5.67,5.252400000000001,81,0.8042999999999999
2006-12-15 09:00:00,dgp_regression,6.0,4.60175,81,0.84105
2006-12-15 12:00:00,dgp_regression,4.0,4.507,81,0.8064
2006-12-15 15:00:00,dgp_regression,4.0,3.253,81,0.8788500000000001
2006-12-15 18:00:00,dgp_regression,3.67,3.056,81,0.8347500000000001
2006-12-15 21:00:00,dgp_regression,3.0,3.156,81,0.82005
2000-05-24 00:00:00,dgp_regression,7.67,7.3028,81,0.9219
2000-05-24 03:00:00,dgp_regression,6.0,6.6902,81,0.9124500000000001
2000-05-24 06:00:00,dgp_regression,5.67,5.3442,81,0.9628500000000001
2000-05-24 09:00:00,dgp_regression,5.0,5.2475000000000005,81,0.9177000000000002
2000-05-24 12:00:00,dgp_regression,5.0,4.6238,81,0.9302999999999999
2000-05-24 15:00:00,dgp_regression,6.0,4.606,81,0.9145500000000001
2000-05-24 18:00:00,dgp_regression,4.33,4.984,81,0.9135
2000-05-24 21:00:00,dgp_regression,4.67,4.0157,81,0.9208500000000001
2005-05-08 00:00:00,dgp_regression,5.33,5.2517,81,0.9302999999999999
2005-05-08 03:00:00,dgp_regression,3.67,4.131,81,0.88515
2005-05-08 06:00:00,dgp_regression,6.0,3.6378500000000003,81,0.88725
2005-05-08 09:00:00,dgp_regression,8.33,6.366,81,0.95445
2005-05-08 12:00:00,dgp_regression,7.67,7.938000000000001,81,0.95655
2005-05-08 15:00:00,dgp_regression,5.33,6.788,81,0.95655
2005-05-08 18:00:00,dgp_regression,3.67,4.9830000000000005,81,0.9208500000000001
2005-05-08 21:00:00,dgp_regression,3.0,4.043,81,0.86625
2005-05-30 00:00:00,dgp_regression,3.33,3.7119999999999997,81,0.8683500000000001
2005-05-30 03:00:00,dgp_regression,6.33,3.4077,81,0.8704500000000001
2005-05-30 06:00:00,dgp_regression,6.33,5.05925,81,0.8694
2005-05-30 09:00:00,dgp_regression,7.33,5.3563,81,0.8736000000000002
2005-05-30 12:00:00,dgp_regression,7.67,6.0451999999999995,81,0.88515
2005-05-30 15:00:00,dgp_regression,6.67,5.96535,81,0.90405
2005-05-30 21:00:00,dgp_regression,3.33,3.74,81,0.9166500000000001
2012-03-09 00:00:00,dgp_regression,6.33,4.9207,81,0.9177000000000002
2012-03-09 03:00:00,dgp_regression,8.0,6.3911999999999995,81,0.8221499999999999
2012-03-09 06:00:00,dgp_regression,7.33,7.052899999999999,81,0.82005
2012-03-09 09:00:00,dgp_regression,6.67,6.58415,81,0.8337000000000001
2012-03-09 12:00:00,dgp_regression,5.67,6.032699999999999,81,0.85155
2012-03-09 15:00:00,dgp_regression,3.0,5.051,81,0.8631000000000001
2012-03-09 18:00:00,dgp_regression,2.33,3.373,81,0.8599500000000001
2012-03-09 21:00:00,dgp_regression,4.67,3.1058,81,0.8599500000000001
2005-05-15 00:00:00,dgp_regression,5.67,3.9635999999999996,81,0.8652000000000001
2005-05-15 03:00:00,dgp_regression,8.33,7.1492,81,0.9408
2005-05-15 09:00:00,dgp_regression,4.0,5.971,81,0.8799
2005-05-15 12:00:00,dgp_regression,4.0,3.253,81,0.8757000000000001
2005-05-15 15:00:00,dgp_regression,5.0,3.3485,81,0.8694
2005-05-15 18:00:00,dgp_regression,5.0,4.117999999999999,81,0.8778
2005-05-15 21:00:00,dgp_regression,4.0,4.138,81,0.8757000000000001
2001-04-11 00:00:00,dgp_regression,2.33,2.614,81,0.9418500000000001
2001-04-11 03:00:00,dgp_regression,2.0,2.221,81,0.9366000000000001
2001-04-11 06:00:00,dgp_regression,2.0,2.07,81,0.9512999999999999
2001-04-11 09:00:00,dgp_regression,3.67,1.865,81,0.93555
2001-04-11 12:00:00,dgp_regression,8.0,4.1584,81,0.9660000000000001
2001-04-11 15:00:00,dgp_regression,7.67,7.1372,81,0.9996000000000002
2001-04-11 18:00:00,dgp_regression,8.33,7.5868,81,0.9964500000000001
2001-04-11 21:00:00,dgp_regression,7.33,7.7584,81,0.99015
2005-01-18 00:00:00,dgp_regression,5.67,6.032699999999999,81,0.94605
2005-01-18 03:00:00,dgp_regression,7.67,5.420400000000001,81,0.9828
2005-01-18 18:00:00,dgp_regression,5.67,5.3199000000000005,81,0.9891000000000001
2005-01-18 21:00:00,dgp_regression,6.33,6.386950000000001,81,1.0038
2000-04-06 00:00:00,dgp_regression,4.33,1.6769999999999998,81,0.8757000000000001
2000-04-06 09:00:00,dgp_regression,3.33,2.051,81,0.8946000000000001
2000-04-06 12:00:00,dgp_regression,6.67,3.2861499999999997,81,0.8778
2000-04-06 15:00:00,dgp_regression,8.33,6.0148,81,0.8956500000000001
2000-04-06 18:00:00,dgp_regression,8.33,7.965199999999999,81,0.9208500000000001
2000-04-06 21:00:00,dgp_regression,8.67,8.4212,81,0.9261
2012-07-15 00:00:00,dgp_regression,5.33,3.6479000000000004,81,0.9051
2012-07-15 03:00:00,dgp_regression,6.67,4.20585,81,0.9072000000000001
2012-07-15 06:00:00,dgp_regression,6.0,6.2465,81,0.8925
2012-07-15 09:00:00,dgp_regression,5.33,5.7404,81,0.8883
2012-07-15 12:00:00,dgp_regression,6.0,5.287700000000001,81,0.8841000000000001
2012-07-15 15:00:00,dgp_regression,7.0,5.776,81,0.8714999999999999
2012-07-15 18:00:00,dgp_regression,6.0,6.09095,81,0.89985
2012-07-15 21:00:00,dgp_regression,6.33,5.3984,81,0.8683500000000001
2002-05-23 00:00:00,dgp_regression,2.67,2.5669999999999997,81,0.87255
2002-05-23 03:00:00,dgp_regression,2.0,2.889,81,0.88515
2002-05-23 06:00:00,dgp_regression,6.67,2.9351,81,0.8883
2002-05-23 09:00:00,dgp_regression,7.67,5.9828,81,0.9114
2002-05-23 12:00:00,dgp_regression,8.33,7.158,81,0.9954
2002-05-23 18:00:00,dgp_regression,3.33,5.124,81,0.9933
2005-09-12 00:00:00,dgp_regression,4.33,4.525,81,0.9492
2005-09-12 03:00:00,dgp_regression,7.0,4.650600000000001,81,0.9576000000000001
2005-09-12 06:00:00,dgp_regression,5.67,5.8491,81,1.0153500000000002
2005-09-12 09:00:00,dgp_regression,4.67,5.3927,81,1.00275
2005-09-12 12:00:00,dgp_regression,6.0,4.99275,81,0.97965
2005-09-12 15:00:00,dgp_regression,6.0,5.779,81,0.9765000000000001
2005-09-12 18:00:00,dgp_regression,7.0,5.905200000000001,81,0.9597000000000001
2005-09-12 21:00:00,dgp_regression,5.67,6.3963,81,0.9576000000000001
2001-03-20 00:00:00,dgp_regression,5.67,4.3172999999999995,81,0.8935500000000001
2001-03-20 03:00:00,dgp_regression,6.0,4.8814,81,0.8809500000000001
2001-03-20 06:00:00,dgp_regression,5.67,4.9743,81,0.9114
2001-03-20 09:00:00,dgp_regression,7.33,5.04095,81,0.9219
2001-03-20 12:00:00,dgp_regression,7.0,6.1772,81,0.9208500000000001
2001-03-20 15:00:00,dgp_regression,4.33,5.919,81,0.9208500000000001
2001-03-20 18:00:00,dgp_regression,3.67,4.03,81,0.91035
2001-03-20 21:00:00,dgp_regression,4.0,3.7680000000000002,81,0.92295
2000-04-07 00:00:00,dgp_regression,6.0,8.22275,81,0.9324
2000-04-07 03:00:00,dgp_regression,6.0,6.206549999999999,81,0.90405
2000-04-07 06:00:00,dgp_regression,4.0,5.372000000000001,81,0.8925
2000-04-07 09:00:00,dgp_regression,4.0,3.75,81,0.9219
2000-04-07 18:00:00,dgp_regression,3.67,3.3080000000000003,81,0.9208500000000001
2000-04-07 21:00:00,dgp_regression,2.33,3.255,81,0.9187500000000001
2013-03-17 00:00:00,dgp_regression,2.33,1.618,81,0.7098
2013-03-17 03:00:00,dgp_regression,6.67,2.5781,81,0.7318500000000001
2013-03-17 06:00:00,dgp_regression,6.33,6.21695,81,0.8683500000000001
2013-03-17 09:00:00,dgp_regression,5.67,5.7222,81,0.8809500000000001
2013-03-17 12:00:00,dgp_regression,6.33,5.25645,81,0.8232
2013-03-17 15:00:00,dgp_regression,6.67,5.61685,81,0.78225
2013-03-17 18:00:00,dgp_regression,6.0,5.42965,81,0.8442000000000001
2013-03-17 21:00:00,dgp_regression,3.0,4.819,81,0.85155
2001-03-31 00:00:00,dgp_regression,8.67,6.7684,108,0.9639
2001-03-31 03:00:00,dgp_regression,8.67,8.812399999999998,108,0.9974999999999999
2001-03-31 06:00:00,dgp_regression,6.33,7.946700000000001,108,0.9533999999999999
2001-03-31 09:00:00,dgp_regression,7.0,6.688899999999999,108,0.9618
2001-03-31 12:00:00,dgp_regression,8.0,6.6808,108,0.95445
2001-03-31 15:00:00,dgp_regression,8.33,7.6708,108,0.9533999999999999
2001-03-31 18:00:00,dgp_regression,7.33,7.414149999999999,108,0.95235
2001-03-31 21:00:00,dgp_regression,5.0,6.286099999999999,108,0.95655
2004-07-27 00:00:00,dgp_regression,7.67,7.9108,108,0.93135
2004-07-27 03:00:00,dgp_regression,7.33,8.7495,108,0.8462999999999999
2004-07-27 06:00:00,dgp_regression,8.0,7.7896,108,0.8452500000000001
2004-07-27 09:00:00,dgp_regression,8.67,8.146,108,0.87255
2004-07-27 12:00:00,dgp_regression,8.33,8.0284,108,0.88305
2004-07-27 15:00:00,dgp_regression,6.33,6.9505,108,0.93345
2004-07-27 18:00:00,dgp_regression,6.0,5.8419,108,0.95235
2004-07-27 21:00:00,dgp_regression,3.33,5.479,108,0.9051
2004-11-10 00:00:00,dgp_regression,8.33,8.277199999999999,108,0.92715
2004-11-10 03:00:00,dgp_regression,8.67,8.399600000000001,108,0.9366000000000001
2004-11-10 06:00:00,dgp_regression,8.33,8.095600000000001,108,0.9418500000000001
2004-11-10 09:00:00,dgp_regression,7.33,7.35295,108,0.9397500000000001
2004-11-10 12:00:00,dgp_regression,6.33,6.356350000000001,108,0.9429000000000001
2004-11-10 15:00:00,dgp_regression,5.33,5.375,108,0.9471
2004-11-10 18:00:00,dgp_regression,4.33,4.562,108,0.9429000000000001
2004-11-10 21:00:00,dgp_regression,4.0,3.8289999999999997,108,0.93555
2004-07-25 00:00:00,dgp_regression,7.33,5.72435,108,0.7518
2004-07-25 03:00:00,dgp_regression,6.33,5.796200000000001,108,0.7707000000000002
2004-07-25 06:00:00,dgp_regression,7.67,5.5404,108,0.7791
2004-07-25 09:00:00,dgp_regression,7.33,6.33295,108,0.82005
2004-07-25 12:00:00,dgp_regression,8.0,6.6312,108,0.82635
2004-07-25 15:00:00,dgp_regression,7.33,6.73925,108,0.8736000000000002
2004-07-25 18:00:00,dgp_regression,7.33,5.9054,108,0.87465
2004-07-25 21:00:00,dgp_regression,7.33,6.14255,108,0.82005
2003-11-20 00:00:00,dgp_regression,3.67,1.625,108,0.92925
2003-11-20 03:00:00,dgp_regression,6.33,3.7562,108,0.9282
2003-11-20 06:00:00,dgp_regression,6.33,5.53355,108,0.9208500000000001
2003-11-20 09:00:00,dgp_regression,7.67,6.6356,108,0.92925
2003-11-20 12:00:00,dgp_regression,8.67,7.25,108,0.9198
2003-11-20 15:00:00,dgp_regression,8.67,8.3684,108,0.9366000000000001
2003-11-20 18:00:00,dgp_regression,8.0,8.2232,108,0.9198
2003-11-20 21:00:00,dgp_regression,6.67,7.06865,108,0.9282
2001-11-06 00:00:00,dgp_regression,8.67,7.595600000000001,108,0.9198
2004-11-08 00:00:00,dgp_regression,8.67,8.934,108,0.90615
2004-11-08 03:00:00,dgp_regression,8.33,8.866,108,0.9093
2004-11-08 06:00:00,dgp_regression,7.0,7.46835,108,0.9166500000000001
2004-11-08 09:00:00,dgp_regression,5.0,6.0241999999999996,108,0.9208500000000001
2004-11-08 12:00:00,dgp_regression,2.67,4.4910000000000005,108,0.9261
2004-11-08 15:00:00,dgp_regression,4.33,2.8310000000000004,108,0.92715
2004-11-08 18:00:00,dgp_regression,5.33,3.8882000000000003,108,0.9261
2004-11-08 21:00:00,dgp_regression,5.67,4.5108,108,0.9261
2000-08-12 00:00:00,dgp_regression,7.33,5.0775,108,0.9607500000000001
2000-08-12 03:00:00,dgp_regression,7.67,6.814,108,0.9576000000000001
2000-08-12 06:00:00,dgp_regression,7.67,7.1692,108,0.9177000000000002
2000-08-12 09:00:00,dgp_regression,7.33,7.2144,108,0.9250499999999999
2000-08-12 12:00:00,dgp_regression,7.33,7.0733,108,0.9261
2000-08-12 15:00:00,dgp_regression,6.33,6.70995,108,0.92715
2000-08-12 18:00:00,dgp_regression,3.67,5.888,108,0.9198
2000-08-12 21:00:00,dgp_regression,4.33,4.144,108,0.9187500000000001
2004-11-09 00:00:00,dgp_regression,6.0,4.7182,108,0.9177000000000002
2004-11-09 06:00:00,dgp_regression,6.0,4.33485,108,0.93555
2004-11-09 09:00:00,dgp_regression,7.0,5.90775,108,0.9943500000000001
2004-11-09 12:00:00,dgp_regression,6.67,6.5459,108,0.9933
2004-11-09 15:00:00,dgp_regression,8.67,6.2612,108,0.9933
2004-11-09 18:00:00,dgp_regression,7.0,8.139850000000001,108,0.9849
2004-11-09 21:00:00,dgp_regression,7.67,8.3292,108,0.9324
2003-10-31 15:00:00,dgp_regression,4.0,4.819,108,0.92925
2003-10-31 18:00:00,dgp_regression,4.33,4.226,108,0.9072000000000001
2003-10-31 21:00:00,dgp_regression,5.0,4.4375,108,0.9187500000000001
2000-10-05 00:00:00,dgp_regression,6.67,4.6334,108,0.92925
2000-10-05 03:00:00,dgp_regression,7.67,6.2932,108,0.9302999999999999
2000-10-05 06:00:00,dgp_regression,7.33,7.007000000000001,108,0.9681000000000001
2000-10-05 09:00:00,dgp_regression,7.67,6.695600000000001,108,0.9512999999999999
2000-10-05 12:00:00,dgp_regression,6.67,6.5374,108,0.9397500000000001
2000-10-05 15:00:00,dgp_regression,6.33,5.82425,108,0.9397500000000001
2000-10-05 18:00:00,dgp_regression,5.0,5.2501999999999995,108,0.9387000000000001
2000-10-05 21:00:00,dgp_regression,2.67,4.1739999999999995,108,0.9418500000000001
2003-05-29 00:00:00,dgp_regression,3.67,3.697,108,0.75705
2003-05-29 03:00:00,dgp_regression,3.67,3.4410000000000003,108,0.7623
2003-05-29 06:00:00,dgp_regression,3.0,3.25,108,0.7644
2003-05-29 09:00:00,dgp_regression,7.0,3.4198000000000004,108,0.7917000000000001
2003-05-29 12:00:00,dgp_regression,7.67,6.3036,108,0.7707000000000002
2003-05-29 15:00:00,dgp_regression,8.33,7.299600000000001,108,0.7728
2003-05-29 18:00:00,dgp_regression,8.33,8.866,108,0.80745
2003-05-29 21:00:00,dgp_regression,7.33,8.7495,108,0.8232
2003-08-18 00:00:00,dgp_regression,6.33,5.3627,108,0.8232
2003-08-18 03:00:00,dgp_regression,7.0,5.549049999999999,108,0.8526000000000001
2003-08-18 06:00:00,dgp_regression,6.67,5.9084,108,0.8368500000000001
2003-08-18 09:00:00,dgp_regression,7.0,5.77685,108,0.89985
2003-08-18 12:00:00,dgp_regression,7.33,6.047350000000001,108,0.88305
2003-08-18 15:00:00,dgp_regression,6.33,6.10135,108,0.86625
2003-08-18 18:00:00,dgp_regression,6.0,5.529100000000001,108,0.8462999999999999
2003-08-18 21:00:00,dgp_regression,5.67,5.3685,108,0.89985
2001-11-24 00:00:00,dgp_regression,5.33,3.0512,108,0.96705
2001-11-24 03:00:00,dgp_regression,8.33,4.9492,108,0.9649500000000001
2001-11-24 06:00:00,dgp_regression,7.0,6.14065,108,1.0185
2001-11-24 09:00:00,dgp_regression,7.67,6.836399999999999,108,1.0164
2001-11-24 12:00:00,dgp_regression,7.33,6.837,108,1.01325
2001-11-24 15:00:00,dgp_regression,3.0,6.274,108,0.9512999999999999
2001-11-24 18:00:00,dgp_regression,4.67,3.4991,108,0.9471
2001-11-24 21:00:00,dgp_regression,1.67,4.352,108,0.9429000000000001
2005-08-24 00:00:00,dgp_regression,3.33,2.52,108,0.9397500000000001
2005-08-24 03:00:00,dgp_regression,6.33,3.6015,108,0.9208500000000001
2005-08-24 06:00:00,dgp_regression,8.67,7.4803999999999995,108,0.9639
2005-08-24 09:00:00,dgp_regression,7.33,8.705300000000001,108,0.9660000000000001
2005-08-24 18:00:00,dgp_regression,4.33,6.095,108,0.9743999999999999
2005-08-24 21:00:00,dgp_regression,4.67,4.2299,108,0.9702000000000001
2005-09-11 03:00:00,dgp_regression,7.67,7.796399999999999,108,1.02375
2005-09-11 12:00:00,dgp_regression,5.33,6.196699999999999,108,0.9660000000000001
2005-09-11 15:00:00,dgp_regression,6.0,5.0616,108,0.9828
2005-09-11 18:00:00,dgp_regression,4.67,5.3315,108,0.9607500000000001
2005-09-11 21:00:00,dgp_regression,4.67,4.49,108,0.9555000000000001
2001-10-22 00:00:00,dgp_regression,4.67,6.1514,108,0.9009
2001-10-22 03:00:00,dgp_regression,3.67,4.265,108,0.9072000000000001
2001-10-22 06:00:00,dgp_regression,6.0,3.86565,108,0.90615
2001-10-22 09:00:00,dgp_regression,6.0,5.14065,108,0.8988
2001-10-22 12:00:00,dgp_regression,7.33,5.48295,108,0.9019500000000001
2001-10-22 15:00:00,dgp_regression,7.0,6.22735,108,0.9093
2001-10-22 18:00:00,dgp_regression,7.0,5.91795,108,0.9156000000000001
2001-10-22 21:00:00,dgp_regression,5.33,5.531599999999999,108,0.9135
2006-12-15 00:00:00,dgp_regression,7.67,6.871600000000001,108,0.8190000000000001
2006-12-15 03:00:00,dgp_regression,6.67,6.108149999999999,108,0.8211
2006-12-15 06:00:00,dgp_regression,5.67,5.2614,108,0.8273999999999999
2006-12-15 09:00:00,dgp_regression,6.0,4.5873,108,0.8683500000000001
2006-12-15 12:00:00,dgp_regression,4.0,4.501,108,0.8389500000000001
2006-12-15 15:00:00,dgp_regression,4.0,3.235,108,0.87465
2006-12-15 18:00:00,dgp_regression,3.67,3.1039999999999996,108,0.8252999999999999
2006-12-15 21:00:00,dgp_regression,3.0,3.105,108,0.80745
2000-05-24 00:00:00,dgp_regression,7.67,7.4252,108,0.9145500000000001
2000-05-24 03:00:00,dgp_regression,6.0,6.6919,108,0.9166500000000001
2000-05-24 06:00:00,dgp_regression,5.67,5.3397,108,0.9512999999999999
2000-05-24 09:00:00,dgp_regression,5.0,5.1323,108,0.9177000000000002
2000-05-24 12:00:00,dgp_regression,5.0,4.603999999999999,108,0.9250499999999999
2000-05-24 15:00:00,dgp_regression,6.0,4.66125,108,0.9124500000000001
2000-05-24 18:00:00,dgp_regression,4.33,5.031000000000001,108,0.92295
2000-05-24 21:00:00,dgp_regression,4.67,4.0238,108,0.9177000000000002
2005-05-08 00:00:00,dgp_regression,5.33,5.1914,108,0.9302999999999999
2005-05-08 03:00:00,dgp_regression,3.67,4.207,108,0.9114
2005-05-08 06:00:00,dgp_regression,6.0,3.65145,108,0.88725
2005-05-30 00:00:00,dgp_regression,3.33,3.779,108,0.8956500000000001
2005-05-30 03:00:00,dgp_regression,6.33,3.5505,108,0.8967000000000002
2005-05-30 06:00:00,dgp_regression,6.33,5.1604,108,0.8841000000000001
2005-05-30 09:00:00,dgp_regression,7.33,5.48125,108,0.8862000000000001
2005-05-30 12:00:00,dgp_regression,7.67,6.013999999999999,108,0.88305
2005-05-30 15:00:00,dgp_regression,6.67,5.957700000000001,108,0.90615
2005-05-30 18:00:00,dgp_regression,4.67,5.0489,108,0.8904
2005-05-30 21:00:00,dgp_regression,3.33,3.5989999999999998,108,0.9093
2012-03-09 00:00:00,dgp_regression,6.33,4.8629,108,0.9219
2012-03-09 03:00:00,dgp_regression,8.0,6.106399999999999,108,0.8148
2012-03-09 06:00:00,dgp_regression,7.33,6.73415,108,0.8232
2012-03-09 09:00:00,dgp_regression,6.67,6.307049999999999,108,0.8316000000000001
2012-03-09 12:00:00,dgp_regression,5.67,5.954400000000001,108,0.86415
2012-03-09 15:00:00,dgp_regression,3.0,4.666,108,0.8483999999999999
2012-03-09 18:00:00,dgp_regression,2.33,3.074,108,0.84735
2012-03-09 21:00:00,dgp_regression,4.67,2.8403,108,0.84945
2005-05-15 00:00:00,dgp_regression,5.67,3.9798,108,0.8799
2005-05-15 03:00:00,dgp_regression,8.33,6.8580000000000005,108,0.96915
2005-05-15 06:00:00,dgp_regression,7.67,6.9532,108,0.9261
2005-05-15 09:00:00,dgp_regression,4.0,6.182,108,0.8935500000000001
2005-05-15 12:00:00,dgp_regression,4.0,3.463,108,0.88935
2005-05-15 15:00:00,dgp_regression,5.0,3.3899000000000004,108,0.88935
2005-05-15 18:00:00,dgp_regression,5.0,4.1252,108,0.8883
2005-05-15 21:00:00,dgp_regression,4.0,4.175,108,0.8935500000000001
2001-04-11 00:00:00,dgp_regression,2.33,2.6310000000000002,108,0.9324
2001-04-11 03:00:00,dgp_regression,2.0,2.225,108,0.9324
2001-04-11 06:00:00,dgp_regression,2.0,2.026,108,0.95025
2001-04-11 09:00:00,dgp_regression,3.67,1.899,108,0.9429000000000001
2001-04-11 12:00:00,dgp_regression,8.0,4.1824,108,0.9639
2001-04-11 15:00:00,dgp_regression,7.67,7.1876,108,0.9996000000000002
2001-04-11 21:00:00,dgp_regression,7.33,7.7448,108,0.9912000000000001
2005-01-18 00:00:00,dgp_regression,5.67,6.0165,108,0.9450000000000001
2005-01-18 03:00:00,dgp_regression,7.67,5.41,108,0.98805
2005-01-18 18:00:00,dgp_regression,5.67,5.31,108,0.9912000000000001
2005-01-18 21:00:00,dgp_regression,6.33,6.3062000000000005,108,1.00695
2000-04-06 00:00:00,dgp_regression,4.33,1.66,108,0.86625
2000-04-06 03:00:00,dgp_regression,2.67,3.312,108,0.8757000000000001
2000-04-06 09:00:00,dgp_regression,3.33,2.036,108,0.8914500000000001
2000-04-06 12:00:00,dgp_regression,6.67,3.3074,108,0.8757000000000001
2000-04-06 15:00:00,dgp_regression,8.33,5.973199999999999,108,0.8967000000000002
2000-04-06 18:00:00,dgp_regression,8.33,7.9236,108,0.9282
2000-04-06 21:00:00,dgp_regression,8.67,8.4212,108,0.92295
2012-07-15 00:00:00,dgp_regression,5.33,3.9602000000000004,108,0.9376500000000001
2012-07-15 03:00:00,dgp_regression,6.67,4.76175,108,0.9156000000000001
2012-07-15 06:00:00,dgp_regression,6.0,6.37655,108,0.89775
2012-07-15 09:00:00,dgp_regression,5.33,5.8727,108,0.88935
2012-07-15 12:00:00,dgp_regression,6.0,5.398200000000001,108,0.8862000000000001
2012-07-15 15:00:00,dgp_regression,7.0,5.88225,108,0.8914500000000001
2012-07-15 18:00:00,dgp_regression,6.0,6.1258,108,0.8988
2012-07-15 21:00:00,dgp_regression,6.33,5.4910499999999995,108,0.8946000000000001
2002-05-23 00:00:00,dgp_regression,2.67,2.509,108,0.8631000000000001
2002-05-23 03:00:00,dgp_regression,2.0,2.839,108,0.8652000000000001
2002-05-23 06:00:00,dgp_regression,6.67,2.92405,108,0.88515
2002-05-23 09:00:00,dgp_regression,7.67,6.0116000000000005,108,0.9114
2002-05-23 12:00:00,dgp_regression,8.33,7.2452000000000005,108,0.98805
2002-05-23 15:00:00,dgp_regression,5.0,7.0007,108,0.987
2002-05-23 18:00:00,dgp_regression,3.33,4.987,108,0.98805
2005-09-12 00:00:00,dgp_regression,4.33,4.449,108,0.9512999999999999
2005-09-12 03:00:00,dgp_regression,7.0,4.593649999999999,108,0.95445
2005-09-12 06:00:00,dgp_regression,5.67,5.886900000000001,108,1.01115
2005-09-12 09:00:00,dgp_regression,4.67,5.1506,108,1.0038
2005-09-12 12:00:00,dgp_regression,6.0,4.9953,108,0.97965
2005-09-12 15:00:00,dgp_regression,6.0,5.52315,108,0.97545
2005-09-12 18:00:00,dgp_regression,7.0,5.6468,108,0.9597000000000001
2005-09-12 21:00:00,dgp_regression,5.67,6.0705,108,0.95655
2001-03-20 03:00:00,dgp_regression,6.0,5.026750000000001,108,0.9114
2001-03-20 06:00:00,dgp_regression,5.67,5.0319,108,0.9145500000000001
2001-03-20 09:00:00,dgp_regression,7.33,5.1625000000000005,108,0.9387000000000001
2001-03-20 12:00:00,dgp_regression,7.0,6.15255,108,0.9429000000000001
2001-03-20 15:00:00,dgp_regression,4.33,5.907,108,0.9376500000000001
2001-03-20 18:00:00,dgp_regression,3.67,4.031000000000001,108,0.9345000000000001
2001-03-20 21:00:00,dgp_regression,4.0,3.708,108,0.903
2000-04-07 03:00:00,dgp_regression,6.0,6.18445,108,0.9124500000000001
2000-04-07 06:00:00,dgp_regression,4.0,5.4910000000000005,108,0.90405
2000-04-07 12:00:00,dgp_regression,4.33,3.7110000000000003,108,0.92295
2000-04-07 15:00:00,dgp_regression,3.67,3.826,108,0.91035
2000-04-07 18:00:00,dgp_regression,3.67,3.2939999999999996,108,0.9156000000000001
2000-04-07 21:00:00,dgp_regression,2.33,3.23,108,0.90825
2013-03-17 00:00:00,dgp_regression,2.33,1.5919999999999999,108,0.7938
2013-03-17 03:00:00,dgp_regression,6.67,2.55005,108,0.84105
2013-03-17 06:00:00,dgp_regression,6.33,6.0155,108,0.8778
2013-03-17 09:00:00,dgp_regression,5.67,5.7735,108,0.9187500000000001
2013-03-17 12:00:00,dgp_regression,6.33,5.15955,108,0.9533999999999999
2013-03-17 15:00:00,dgp_regression,6.67,5.633850000000001,108,0.84735
2013-03-17 18:00:00,dgp_regression,6.0,5.5002,108,0.86205
2013-03-17 21:00:00,dgp_regression,3.0,4.677,108,0.8252999999999999
