date,name,kp,kp_pred_det,kp_pred_prob,pr,pr_th,window,alt_window,sigma
2003-10-29,dgp_regression,-1.0,-1.0,-1.0,-1.0,0.5,14,65
2003-10-29 03:00:00,dgp_regression,-1.0,-1.0,-1.0,-1.0,0.5,14,49
2003-10-29 06:00:00,dgp_regression,-1.0,-1.0,-1.0,-1.0,0.5,14,46
2003-10-29 09:00:00,dgp_regression,-1.0,-1.0,-1.0,-1.0,0.5,14,65
2003-10-29 12:00:00,dgp_regression,-1.0,-1.0,-1.0,-1.0,0.5,14,47
2003-10-29 15:00:00,dgp_regression,-1.0,-1.0,-1.0,-1.0,0.5,14,62
2003-10-29 18:00:00,dgp_regression,-1.0,-1.0,-1.0,-1.0,0.5,14,58
2003-10-29 21:00:00,dgp_regression,-1.0,-1.0,-1.0,-1.0,0.5,14,45
2001-03-31,dgp_regression,8.67,6.459,2.264,1.0,0.5,14,49,0.923
2001-03-31 03:00:00,dgp_regression,8.67,7.779,2.049,1.0,0.5,14,48,0.954
2001-03-31 06:00:00,dgp_regression,6.33,9.0,2.2,1.0,0.5,14,46,0.919
2001-03-31 09:00:00,dgp_regression,7.0,7.068,2.214,1.0,0.5,14,45,0.932
2001-03-31 12:00:00,dgp_regression,8.0,6.344,2.425,1.0,0.5,14,61,0.932
2001-03-31 15:00:00,dgp_regression,8.33,8.268,2.514,1.0,0.5,14,61,0.923
2001-03-31 18:00:00,dgp_regression,7.33,7.781,2.476,1.0,0.5,14,56,0.927
2001-03-31 21:00:00,dgp_regression,5.0,6.392,2.363,1.0,0.5,14,53,0.927
2003-10-30,dgp_regression,-1.0,-1.0,-1.0,-1.0,0.5,14,66
2003-10-30 03:00:00,dgp_regression,-1.0,-1.0,-1.0,-1.0,0.5,14,67
2003-10-30 06:00:00,dgp_regression,-1.0,-1.0,-1.0,-1.0,0.5,14,62
2003-10-30 09:00:00,dgp_regression,-1.0,-1.0,-1.0,-1.0,0.5,14,54
2003-10-30 12:00:00,dgp_regression,-1.0,-1.0,-1.0,-1.0,0.5,14,59
2003-10-30 15:00:00,dgp_regression,-1.0,-1.0,-1.0,-1.0,0.5,14,47
2003-10-30 18:00:00,dgp_regression,-1.0,-1.0,-1.0,-1.0,0.5,14,43
2003-10-30 21:00:00,dgp_regression,-1.0,-1.0,-1.0,-1.0,0.5,14,56
2004-07-27,dgp_regression,7.67,8.284,2.522,1.0,0.5,14,62,0.936
2004-07-27 03:00:00,dgp_regression,7.33,8.426,1.58,1.0,0.5,14,42,0.865
2004-07-27 06:00:00,dgp_regression,8.0,8.484,1.489,1.0,0.5,14,64,0.86
2004-07-27 09:00:00,dgp_regression,8.67,8.578,1.469,1.0,0.5,14,57,0.874
2004-07-27 12:00:00,dgp_regression,8.33,8.141,2.352,1.0,0.5,14,43,0.903
2004-07-27 15:00:00,dgp_regression,6.33,6.887,2.935,1.0,0.5,14,56,0.949
2004-07-27 18:00:00,dgp_regression,6.0,6.197,3.187,0.98,0.5,14,55,0.946
2004-07-27 21:00:00,dgp_regression,3.33,5.612,2.819,0.52,0.5,14,57,0.904
2000-07-15,dgp_regression,-1.0,-1.0,-1.0,-1.0,0.5,14,60
2000-07-15 03:00:00,dgp_regression,-1.0,-1.0,-1.0,-1.0,0.5,14,64
2000-07-15 06:00:00,dgp_regression,-1.0,-1.0,-1.0,-1.0,0.5,14,69
2000-07-15 09:00:00,dgp_regression,-1.0,-1.0,-1.0,-1.0,0.5,14,51
2000-07-15 12:00:00,dgp_regression,-1.0,-1.0,-1.0,-1.0,0.5,14,58
2000-07-15 15:00:00,dgp_regression,-1.0,-1.0,-1.0,-1.0,0.5,14,69
2000-07-15 18:00:00,dgp_regression,-1.0,-1.0,-1.0,-1.0,0.5,14,57
2000-07-15 21:00:00,dgp_regression,-1.0,-1.0,-1.0,-1.0,0.5,14,58
2004-11-10,dgp_regression,8.33,7.453,1.906,1.0,0.5,14,59,0.866
2004-11-10 03:00:00,dgp_regression,8.67,7.997,1.243,1.0,0.5,14,54,0.877
2004-11-10 06:00:00,dgp_regression,8.33,7.891,1.06,1.0,0.5,14,56,0.888
2004-11-10 09:00:00,dgp_regression,7.33,7.065,1.194,1.0,0.5,14,69,0.885
2004-11-10 12:00:00,dgp_regression,6.33,6.25,1.673,1.0,0.5,14,43,0.906
2004-11-10 15:00:00,dgp_regression,5.33,5.271,1.686,0.99,0.5,14,45,0.91
2004-11-10 18:00:00,dgp_regression,4.33,4.406,1.356,0.98,0.5,14,43,0.91
2004-11-10 21:00:00,dgp_regression,4.0,3.868,1.944,0.98,0.5,14,48,0.903
2004-07-25,dgp_regression,7.33,6.313,1.588,1.0,0.5,14,62,0.747
2004-07-25 03:00:00,dgp_regression,6.33,6.532,1.785,1.0,0.5,14,47,0.816
2004-07-25 06:00:00,dgp_regression,7.67,5.65,2.362,1.0,0.5,14,56,0.814
2004-07-25 09:00:00,dgp_regression,7.33,7.042,2.777,1.0,0.5,14,45,0.878
2004-07-25 12:00:00,dgp_regression,8.0,6.506,2.596,1.0,0.5,14,65,0.888
2004-07-25 15:00:00,dgp_regression,7.33,6.119,2.732,1.0,0.5,14,47,0.92
2004-07-25 18:00:00,dgp_regression,7.33,5.56,2.639,1.0,0.5,14,53,0.924
2004-07-25 21:00:00,dgp_regression,7.33,6.198,2.041,0.98,0.5,14,45,0.854
2003-11-20,dgp_regression,3.67,1.853,2.132,1.0,0.5,14,63,0.865
2003-11-20 03:00:00,dgp_regression,6.33,3.257,2.044,1.0,0.5,14,48,0.878
2003-11-20 06:00:00,dgp_regression,6.33,5.184,4.055,1.0,0.5,14,43,0.87
2003-11-20 09:00:00,dgp_regression,7.67,5.421,3.908,1.0,0.5,14,63,0.864
2003-11-20 12:00:00,dgp_regression,8.67,6.365,3.39,1.0,0.5,14,50,0.872
2003-11-20 15:00:00,dgp_regression,8.67,8.498,2.412,1.0,0.5,14,54,0.89
2003-11-20 18:00:00,dgp_regression,8.0,8.105,2.954,1.0,0.5,14,44,0.891
2003-11-20 21:00:00,dgp_regression,6.67,7.372,2.071,1.0,0.5,14,54,0.891
2001-11-06,dgp_regression,8.67,7.7,1.908,1.0,0.5,14,63,0.888
2001-11-06 03:00:00,dgp_regression,-1.0,-1.0,-1.0,-1.0,0.5,14,47
2001-11-06 06:00:00,dgp_regression,-1.0,-1.0,-1.0,-1.0,0.5,14,64
2001-11-06 09:00:00,dgp_regression,-1.0,-1.0,-1.0,-1.0,0.5,14,44
2001-11-06 12:00:00,dgp_regression,-1.0,-1.0,-1.0,-1.0,0.5,14,69
2001-11-06 15:00:00,dgp_regression,-1.0,-1.0,-1.0,-1.0,0.5,14,59
2001-11-06 18:00:00,dgp_regression,-1.0,-1.0,-1.0,-1.0,0.5,14,45
2004-11-08,dgp_regression,8.67,7.055,1.098,1.0,0.5,14,56,0.717
2004-11-08 03:00:00,dgp_regression,8.33,8.045,1.567,1.0,0.5,14,69,0.785
2004-11-08 06:00:00,dgp_regression,7.0,6.612,0.97,1.0,0.5,14,69,0.798
2004-11-08 09:00:00,dgp_regression,5.0,5.205,1.12,0.95,0.5,14,49,0.816
2004-11-08 12:00:00,dgp_regression,2.67,4.295,1.529,0.95,0.5,14,65,0.814
2004-11-08 15:00:00,dgp_regression,4.33,2.654,1.211,1.0,0.5,14,53,0.845
2004-11-08 18:00:00,dgp_regression,5.33,3.143,1.389,1.0,0.5,14,51,0.837
2004-11-08 21:00:00,dgp_regression,5.67,4.128,0.9,1.0,0.5,14,69,0.829
2000-08-12,dgp_regression,7.33,4.626,3.286,1.0,0.5,14,43,0.885
2000-08-12 03:00:00,dgp_regression,7.67,6.469,3.442,1.0,0.5,14,68,0.898
2000-08-12 06:00:00,dgp_regression,7.67,6.688,2.382,1.0,0.5,14,68,0.853
2000-08-12 09:00:00,dgp_regression,7.33,7.251,2.372,1.0,0.5,14,55,0.842
2000-08-12 12:00:00,dgp_regression,7.33,7.003,2.154,1.0,0.5,14,53,0.844
2000-08-12 15:00:00,dgp_regression,6.33,6.683,2.763,1.0,0.5,14,43,0.859
2000-08-12 18:00:00,dgp_regression,3.67,5.949,2.655,1.0,0.5,14,65,0.864
2000-08-12 21:00:00,dgp_regression,4.33,4.029,2.757,0.99,0.5,14,56,0.872
2004-11-09,dgp_regression,6.0,3.969,1.364,1.0,0.5,14,49,0.846
2004-11-09 03:00:00,dgp_regression,5.0,4.289,1.733,1.0,0.5,14,52,0.849
2004-11-09 06:00:00,dgp_regression,6.0,3.81,1.079,1.0,0.5,14,47,0.872
2004-11-09 09:00:00,dgp_regression,7.0,6.516,2.874,1.0,0.5,14,68,0.939
2004-11-09 12:00:00,dgp_regression,6.67,7.472,2.747,1.0,0.5,14,42,0.949
2004-11-09 15:00:00,dgp_regression,8.67,6.241,2.926,1.0,0.5,14,48,0.938
2004-11-09 18:00:00,dgp_regression,7.0,8.597,3.768,1.0,0.5,14,49,0.929
2004-11-09 21:00:00,dgp_regression,7.67,7.946,2.381,1.0,0.5,14,52,0.855
2003-10-31,dgp_regression,-1.0,-1.0,-1.0,-1.0,0.5,14,65
2003-10-31 03:00:00,dgp_regression,-1.0,-1.0,-1.0,-1.0,0.5,14,66
2003-10-31 06:00:00,dgp_regression,-1.0,-1.0,-1.0,-1.0,0.5,14,66
2003-10-31 09:00:00,dgp_regression,-1.0,-1.0,-1.0,-1.0,0.5,14,49
2003-10-31 15:00:00,dgp_regression,4.0,4.23,1.774,0.99,0.5,14,48,0.861
2003-10-31 18:00:00,dgp_regression,4.33,3.827,1.661,1.0,0.5,14,47,0.846
2003-10-31 21:00:00,dgp_regression,5.0,4.27,1.849,0.99,0.5,14,43,0.843
2000-10-05,dgp_regression,6.67,4.307,2.569,1.0,0.5,14,67,0.881
2000-10-05 03:00:00,dgp_regression,7.67,6.068,2.227,1.0,0.5,14,54,0.888
2000-10-05 06:00:00,dgp_regression,7.33,7.349,3.416,1.0,0.5,14,47,0.905
2000-10-05 09:00:00,dgp_regression,7.67,6.6,3.072,1.0,0.5,14,65,0.909
2000-10-05 12:00:00,dgp_regression,6.67,6.606,2.532,1.0,0.5,14,66,0.889
2000-10-05 15:00:00,dgp_regression,6.33,5.766,2.171,0.99,0.5,14,61,0.89
2000-10-05 18:00:00,dgp_regression,5.0,5.457,2.797,0.22,0.5,14,50,0.88
2000-10-05 21:00:00,dgp_regression,2.67,4.281,2.9,0.0,0.5,14,42,0.879
2003-05-29,dgp_regression,3.67,3.804,3.276,0.73,0.5,14,44,0.621
2003-05-29 03:00:00,dgp_regression,3.67,3.481,2.834,1.0,0.5,14,52,0.613
2003-05-29 06:00:00,dgp_regression,3.0,3.293,3.0,1.0,0.5,14,68,0.722
2003-05-29 09:00:00,dgp_regression,7.0,2.784,2.597,1.0,0.5,14,63,0.704
2003-05-29 12:00:00,dgp_regression,7.67,5.252,2.649,1.0,0.5,14,48,0.644
2003-05-29 15:00:00,dgp_regression,8.33,6.364,2.993,1.0,0.5,14,64,0.713
2003-05-29 18:00:00,dgp_regression,8.33,9.0,4.181,1.0,0.5,14,60,0.712
2003-05-29 21:00:00,dgp_regression,7.33,9.0,3.92,1.0,0.5,14,50,0.752
2003-08-18,dgp_regression,6.33,5.508,2.627,1.0,0.5,14,43,0.816
2003-08-18 03:00:00,dgp_regression,7.0,5.597,2.775,1.0,0.5,14,65,0.832
2003-08-18 06:00:00,dgp_regression,6.67,5.46,2.267,1.0,0.5,14,48,0.796
2003-08-18 09:00:00,dgp_regression,7.0,5.246,2.379,1.0,0.5,14,55,0.842
2003-08-18 12:00:00,dgp_regression,7.33,5.918,2.517,1.0,0.5,14,62,0.836
2003-08-18 15:00:00,dgp_regression,6.33,6.432,2.69,1.0,0.5,14,69,0.85
2003-08-18 18:00:00,dgp_regression,6.0,5.471,2.26,1.0,0.5,14,53,0.822
2003-08-18 21:00:00,dgp_regression,5.67,5.669,2.74,0.93,0.5,14,65,0.863
2001-11-24,dgp_regression,5.33,2.954,2.918,1.0,0.5,14,56,0.94
2001-11-24 03:00:00,dgp_regression,8.33,4.166,2.737,1.0,0.5,14,59,0.941
2001-11-24 06:00:00,dgp_regression,7.0,7.448,2.077,1.0,0.5,14,57,0.976
2001-11-24 09:00:00,dgp_regression,7.67,6.872,2.542,1.0,0.5,14,66,0.97
2001-11-24 12:00:00,dgp_regression,7.33,6.731,2.739,1.0,0.5,14,62,0.967
2001-11-24 15:00:00,dgp_regression,3.0,6.161,3.12,0.93,0.5,14,60,0.921
2001-11-24 18:00:00,dgp_regression,4.67,3.031,3.474,0.97,0.5,14,68,0.91
2001-11-24 21:00:00,dgp_regression,1.67,4.253,2.493,0.63,0.5,14,68,0.908
2005-08-24,dgp_regression,3.33,2.435,1.958,1.0,0.5,14,42,0.678
2005-08-24 03:00:00,dgp_regression,6.33,3.118,1.643,1.0,0.5,14,62,0.842
2005-08-24 06:00:00,dgp_regression,8.67,7.089,2.691,1.0,0.5,14,62,0.865
2005-08-24 09:00:00,dgp_regression,7.33,9.0,3.021,1.0,0.5,14,59,0.875
2005-08-24 12:00:00,dgp_regression,-1.0,-1.0,-1.0,-1.0,0.5,14,53
2005-08-24 18:00:00,dgp_regression,4.33,6.017,3.035,0.98,0.5,14,59,0.891
2005-08-24 21:00:00,dgp_regression,4.67,4.218,2.695,0.77,0.5,14,46,0.883
2005-09-11,dgp_regression,7.0,5.638,2.536,1.0,0.5,14,64,0.943
2005-09-11 03:00:00,dgp_regression,7.67,7.733,2.371,1.0,0.5,14,54,0.929
2005-09-11 06:00:00,dgp_regression,-1.0,-1.0,-1.0,-1.0,0.5,14,68
2005-09-11 12:00:00,dgp_regression,5.33,6.279,3.247,1.0,0.5,14,54,0.869
2005-09-11 15:00:00,dgp_regression,6.0,4.953,3.28,1.0,0.5,14,58,0.868
2005-09-11 18:00:00,dgp_regression,4.67,5.53,2.138,1.0,0.5,14,43,0.864
2005-09-11 21:00:00,dgp_regression,4.67,4.582,1.971,1.0,0.5,14,69,0.885
2001-10-22,dgp_regression,4.67,6.575,2.666,1.0,0.5,14,42,0.87
2001-10-22 03:00:00,dgp_regression,3.67,4.703,2.239,1.0,0.5,14,44,0.868
2001-10-22 06:00:00,dgp_regression,6.0,4.055,1.887,1.0,0.5,14,61,0.857
2001-10-22 09:00:00,dgp_regression,6.0,5.671,2.336,1.0,0.5,14,45,0.861
2001-10-22 12:00:00,dgp_regression,7.33,5.668,2.369,1.0,0.5,14,48,0.877
2001-10-22 15:00:00,dgp_regression,7.0,6.593,2.673,1.0,0.5,14,52,0.878
2001-10-22 18:00:00,dgp_regression,7.0,5.911,2.617,1.0,0.5,14,49,0.889
2001-10-22 21:00:00,dgp_regression,5.33,5.757,2.809,0.98,0.5,14,42,0.892
2006-12-15,dgp_regression,7.67,7.002,1.17,1.0,0.5,14,68,0.743
2006-12-15 03:00:00,dgp_regression,6.67,6.359,1.164,1.0,0.5,14,54,0.804
2006-12-15 06:00:00,dgp_regression,5.67,5.545,1.215,1.0,0.5,14,43,0.827
2006-12-15 09:00:00,dgp_regression,6.0,4.383,2.419,0.99,0.5,14,63,0.831
2006-12-15 12:00:00,dgp_regression,4.0,4.599,3.383,0.88,0.5,14,47,0.841
2006-12-15 15:00:00,dgp_regression,4.0,3.13,3.605,0.71,0.5,14,53,0.865
2006-12-15 18:00:00,dgp_regression,3.67,3.227,2.744,0.37,0.5,14,69,0.882
2006-12-15 21:00:00,dgp_regression,3.0,3.828,1.62,0.03,0.5,14,66,0.869
2000-05-24,dgp_regression,7.67,6.753,2.613,1.0,0.5,14,52,0.861
2000-05-24 03:00:00,dgp_regression,6.0,7.345,2.41,1.0,0.5,14,46,0.822
2000-05-24 06:00:00,dgp_regression,5.67,5.119,2.595,1.0,0.5,14,46,0.855
2000-05-24 09:00:00,dgp_regression,5.0,4.922,3.16,1.0,0.5,14,58,0.882
2000-05-24 12:00:00,dgp_regression,5.0,4.116,2.417,1.0,0.5,14,52,0.872
2000-05-24 15:00:00,dgp_regression,6.0,4.144,1.974,0.99,0.5,14,42,0.83
2000-05-24 18:00:00,dgp_regression,4.33,4.777,2.102,0.99,0.5,14,49,0.865
2000-05-24 21:00:00,dgp_regression,4.67,3.67,1.841,0.99,0.5,14,42,0.847
2005-05-08,dgp_regression,5.33,5.059,3.343,1.0,0.5,14,52,0.799
2005-05-08 03:00:00,dgp_regression,3.67,3.744,3.26,1.0,0.5,14,54,0.803
2005-05-08 06:00:00,dgp_regression,6.0,3.261,2.119,1.0,0.5,14,65,0.786
2005-05-08 09:00:00,dgp_regression,8.33,6.491,3.309,1.0,0.5,14,69,0.855
2005-05-08 12:00:00,dgp_regression,7.67,9.0,2.653,1.0,0.5,14,58,0.893
2005-05-08 15:00:00,dgp_regression,5.33,8.377,3.279,0.98,0.5,14,68,0.9
2005-05-08 18:00:00,dgp_regression,3.67,5.589,2.859,0.56,0.5,14,52,0.802
2005-05-08 21:00:00,dgp_regression,3.0,3.602,2.936,0.03,0.5,14,65,0.84
2005-05-30,dgp_regression,3.33,3.695,2.273,1.0,0.5,14,63,0.839
2005-05-30 03:00:00,dgp_regression,6.33,2.9,1.668,1.0,0.5,14,49,0.854
2005-05-30 06:00:00,dgp_regression,6.33,5.095,2.693,1.0,0.5,14,51,0.858
2005-05-30 09:00:00,dgp_regression,7.33,5.21,1.412,1.0,0.5,14,65,0.842
2005-05-30 12:00:00,dgp_regression,7.67,5.673,1.674,1.0,0.5,14,67,0.843
2005-05-30 15:00:00,dgp_regression,6.67,6.016,1.359,1.0,0.5,14,63,0.872
2005-05-30 18:00:00,dgp_regression,4.67,5.34,2.017,0.89,0.5,14,47,0.879
2005-05-30 21:00:00,dgp_regression,3.33,4.25,2.204,0.37,0.5,14,59,0.913
2012-03-09,dgp_regression,6.33,4.701,2.784,1.0,0.5,14,55,0.871
2012-03-09 03:00:00,dgp_regression,8.0,5.974,2.68,1.0,0.5,14,55,0.786
2012-03-09 06:00:00,dgp_regression,7.33,7.081,1.545,1.0,0.5,14,56,0.796
2012-03-09 09:00:00,dgp_regression,6.67,6.522,2.273,1.0,0.5,14,61,0.796
2012-03-09 12:00:00,dgp_regression,5.67,6.077,1.714,0.87,0.5,14,61,0.813
2012-03-09 15:00:00,dgp_regression,3.0,5.075,1.693,0.65,0.5,14,65,0.82
2012-03-09 18:00:00,dgp_regression,2.33,3.244,2.012,0.69,0.5,14,50,0.83
2012-03-09 21:00:00,dgp_regression,4.67,2.96,1.838,0.76,0.5,14,66,0.82
2005-05-15,dgp_regression,5.67,3.527,1.874,1.0,0.5,14,53,0.732
2005-05-15 03:00:00,dgp_regression,8.33,7.849,3.216,1.0,0.5,14,45,0.901
2005-05-15 06:00:00,dgp_regression,7.67,7.739,3.598,1.0,0.5,14,65,0.836
2005-05-15 09:00:00,dgp_regression,4.0,4.944,2.071,1.0,0.5,14,47,0.799
2005-05-15 12:00:00,dgp_regression,4.0,2.511,1.633,1.0,0.5,14,50,0.784
2005-05-15 15:00:00,dgp_regression,5.0,3.241,1.528,1.0,0.5,14,47,0.788
2005-05-15 18:00:00,dgp_regression,5.0,4.064,1.066,1.0,0.5,14,42,0.802
2005-05-15 21:00:00,dgp_regression,4.0,4.165,1.953,1.0,0.5,14,44,0.808
2001-04-11,dgp_regression,2.33,2.606,3.446,0.01,0.5,14,50,0.841
2001-04-11 03:00:00,dgp_regression,2.0,2.318,3.308,0.08,0.5,14,46,0.833
2001-04-11 06:00:00,dgp_regression,2.0,2.07,2.623,1.0,0.5,14,59,0.915
2001-04-11 09:00:00,dgp_regression,3.67,1.875,2.653,1.0,0.5,14,48,0.897
2001-04-11 12:00:00,dgp_regression,8.0,3.177,3.229,1.0,0.5,14,45,0.927
2001-04-11 15:00:00,dgp_regression,7.67,6.992,3.086,1.0,0.5,14,52,0.947
2001-04-11 18:00:00,dgp_regression,8.33,7.387,3.193,1.0,0.5,14,63,0.948
2001-04-11 21:00:00,dgp_regression,7.33,7.938,3.405,1.0,0.5,14,58,0.944
2005-01-18,dgp_regression,5.67,5.83,3.025,1.0,0.5,14,56,0.839
2005-01-18 03:00:00,dgp_regression,7.67,4.639,3.551,1.0,0.5,14,64,0.884
2005-01-18 06:00:00,dgp_regression,-1.0,-1.0,-1.0,-1.0,0.5,14,55
2005-01-18 09:00:00,dgp_regression,-1.0,-1.0,-1.0,-1.0,0.5,14,51
2005-01-18 12:00:00,dgp_regression,-1.0,-1.0,-1.0,-1.0,0.5,14,48
2005-01-18 18:00:00,dgp_regression,5.67,4.846,3.546,1.0,0.5,14,59,0.872
2005-01-18 21:00:00,dgp_regression,6.33,6.155,3.377,1.0,0.5,14,53,0.9
2000-04-06,dgp_regression,4.33,1.683,2.112,0.3,0.5,14,51,0.821
2000-04-06 03:00:00,dgp_regression,2.67,3.279,2.754,0.11,0.5,14,44,0.792
2000-04-06 06:00:00,dgp_regression,2.33,2.351,2.198,0.95,0.5,14,59,0.859
2000-04-06 09:00:00,dgp_regression,3.33,2.206,1.559,1.0,0.5,14,69,0.84
2000-04-06 12:00:00,dgp_regression,6.67,2.811,2.045,1.0,0.5,14,59,0.852
2000-04-06 15:00:00,dgp_regression,8.33,5.602,2.315,1.0,0.5,14,53,0.863
2000-04-06 18:00:00,dgp_regression,8.33,8.148,2.707,1.0,0.5,14,45,0.884
2000-04-06 21:00:00,dgp_regression,8.67,8.432,2.999,1.0,0.5,14,63,0.888
2012-07-15,dgp_regression,5.33,2.288,2.915,1.0,0.5,14,63,0.894
2012-07-15 03:00:00,dgp_regression,6.67,3.605,2.85,1.0,0.5,14,66,0.88
2012-07-15 06:00:00,dgp_regression,6.0,5.902,2.508,1.0,0.5,14,68,0.847
2012-07-15 09:00:00,dgp_regression,5.33,5.714,1.863,1.0,0.5,14,50,0.874
2012-07-15 12:00:00,dgp_regression,6.0,5.039,1.769,1.0,0.5,14,51,0.872
2012-07-15 15:00:00,dgp_regression,7.0,5.46,1.833,1.0,0.5,14,64,0.862
2012-07-15 18:00:00,dgp_regression,6.0,5.994,1.534,1.0,0.5,14,69,0.859
2012-07-15 21:00:00,dgp_regression,6.33,5.427,1.768,1.0,0.5,14,56,0.869
2002-05-23,dgp_regression,2.67,2.561,1.642,0.97,0.5,14,44,0.845
2002-05-23 03:00:00,dgp_regression,2.0,3.076,1.949,1.0,0.5,14,58,0.862
2002-05-23 06:00:00,dgp_regression,6.67,2.499,2.069,1.0,0.5,14,44,0.875
2002-05-23 09:00:00,dgp_regression,7.67,6.051,2.79,1.0,0.5,14,51,0.905
2002-05-23 12:00:00,dgp_regression,8.33,7.066,2.272,1.0,0.5,14,69,0.956
2002-05-23 15:00:00,dgp_regression,5.0,3.967,2.907,0.11,0.5,14,63,0.891
2002-05-23 18:00:00,dgp_regression,3.33,5.859,3.303,0.0,0.5,14,50,0.879
2002-05-23 21:00:00,dgp_regression,-1.0,-1.0,-1.0,-1.0,0.5,14,49
2005-09-12,dgp_regression,4.33,4.546,2.048,1.0,0.5,14,51,0.844
2005-09-12 03:00:00,dgp_regression,7.0,4.252,1.968,1.0,0.5,14,44,0.859
2005-09-12 06:00:00,dgp_regression,5.67,6.052,2.958,1.0,0.5,14,56,0.923
2005-09-12 09:00:00,dgp_regression,4.67,5.656,3.154,1.0,0.5,14,65,0.93
2005-09-12 12:00:00,dgp_regression,6.0,6.125,3.408,1.0,0.5,14,42,0.886
2005-09-12 15:00:00,dgp_regression,6.0,5.879,3.468,1.0,0.5,14,47,0.876
2005-09-12 18:00:00,dgp_regression,7.0,5.836,2.875,1.0,0.5,14,50,0.869
2005-09-12 21:00:00,dgp_regression,5.67,6.447,1.925,0.99,0.5,14,55,0.858
2001-03-20,dgp_regression,5.67,4.385,2.16,1.0,0.5,14,66,0.831
2001-03-20 03:00:00,dgp_regression,6.0,4.796,2.346,1.0,0.5,14,44,0.854
2001-03-20 06:00:00,dgp_regression,5.67,4.892,2.664,1.0,0.5,14,55,0.851
2001-03-20 09:00:00,dgp_regression,7.33,4.785,2.218,1.0,0.5,14,62,0.88
2001-03-20 12:00:00,dgp_regression,7.0,6.309,2.737,1.0,0.5,14,51,0.88
2001-03-20 15:00:00,dgp_regression,4.33,6.448,3.156,0.94,0.5,14,62,0.876
2001-03-20 18:00:00,dgp_regression,3.67,4.579,3.295,0.59,0.5,14,50,0.857
2001-03-20 21:00:00,dgp_regression,4.0,4.674,3.274,0.24,0.5,14,49,0.88
2000-04-07,dgp_regression,6.0,8.725,3.308,1.0,0.5,14,62,0.909
2000-04-07 03:00:00,dgp_regression,6.0,5.75,2.462,0.99,0.5,14,52,0.874
2000-04-07 06:00:00,dgp_regression,4.0,4.979,1.863,0.92,0.5,14,54,0.883
2000-04-07 09:00:00,dgp_regression,4.0,3.728,1.643,0.86,0.5,14,47,0.88
2000-04-07 12:00:00,dgp_regression,4.33,3.599,2.222,0.83,0.5,14,56,0.895
2000-04-07 15:00:00,dgp_regression,3.67,4.572,2.997,0.36,0.5,14,51,0.88
2000-04-07 18:00:00,dgp_regression,3.67,3.113,2.988,0.11,0.5,14,42,0.884
2000-04-07 21:00:00,dgp_regression,2.33,3.133,2.827,0.07,0.5,14,66,0.88
2013-03-17,dgp_regression,2.33,1.469,1.271,1.0,0.5,14,46,0.647
2013-03-17 06:00:00,dgp_regression,6.33,5.825,2.508,1.0,0.5,14,69,0.798
2013-03-17 09:00:00,dgp_regression,5.67,5.516,2.617,1.0,0.5,14,60,0.818
2013-03-17 12:00:00,dgp_regression,6.33,4.917,2.996,1.0,0.5,14,51,0.778
2013-03-17 15:00:00,dgp_regression,6.67,5.465,2.508,1.0,0.5,14,60,0.777
2013-03-17 18:00:00,dgp_regression,6.0,5.483,2.379,0.89,0.5,14,64,0.775
2013-03-17 21:00:00,dgp_regression,3.0,4.479,2.806,0.08,0.5,14,50,0.848
2003-10-29,dgp_regression,-1.0,-1.0,-1.0,-1.0,0.5,27,70
2003-10-29 03:00:00,dgp_regression,-1.0,-1.0,-1.0,-1.0,0.5,27,82
2003-10-29 06:00:00,dgp_regression,-1.0,-1.0,-1.0,-1.0,0.5,27,61
2003-10-29 09:00:00,dgp_regression,-1.0,-1.0,-1.0,-1.0,0.5,27,73
2003-10-29 12:00:00,dgp_regression,-1.0,-1.0,-1.0,-1.0,0.5,27,55
2003-10-29 15:00:00,dgp_regression,-1.0,-1.0,-1.0,-1.0,0.5,27,71
2003-10-29 18:00:00,dgp_regression,-1.0,-1.0,-1.0,-1.0,0.5,27,82
2003-10-29 21:00:00,dgp_regression,-1.0,-1.0,-1.0,-1.0,0.5,27,61
2001-03-31,dgp_regression,8.67,6.184,2.275,1.0,0.5,27,76,0.918
2001-03-31 03:00:00,dgp_regression,8.67,7.792,2.0,1.0,0.5,27,58,0.955
2001-03-31 06:00:00,dgp_regression,6.33,8.844,2.271,1.0,0.5,27,69,0.912
2001-03-31 09:00:00,dgp_regression,7.0,6.933,2.383,1.0,0.5,27,75,0.92
2001-03-31 12:00:00,dgp_regression,8.0,6.369,2.442,1.0,0.5,27,77,0.926
2001-03-31 15:00:00,dgp_regression,8.33,8.286,2.583,1.0,0.5,27,75,0.914
2001-03-31 18:00:00,dgp_regression,7.33,7.781,2.476,1.0,0.5,27,56,0.927
2001-03-31 21:00:00,dgp_regression,5.0,6.296,2.459,1.0,0.5,27,63,0.927
2003-10-30,dgp_regression,-1.0,-1.0,-1.0,-1.0,0.5,27,63
2003-10-30 03:00:00,dgp_regression,-1.0,-1.0,-1.0,-1.0,0.5,27,66
2003-10-30 06:00:00,dgp_regression,-1.0,-1.0,-1.0,-1.0,0.5,27,77
2003-10-30 09:00:00,dgp_regression,-1.0,-1.0,-1.0,-1.0,0.5,27,63
2003-10-30 12:00:00,dgp_regression,-1.0,-1.0,-1.0,-1.0,0.5,27,60
2003-10-30 15:00:00,dgp_regression,-1.0,-1.0,-1.0,-1.0,0.5,27,81
2003-10-30 18:00:00,dgp_regression,-1.0,-1.0,-1.0,-1.0,0.5,27,75
2003-10-30 21:00:00,dgp_regression,-1.0,-1.0,-1.0,-1.0,0.5,27,78
2004-07-27,dgp_regression,7.67,8.194,2.494,1.0,0.5,27,68,0.933
2004-07-27 03:00:00,dgp_regression,7.33,9.0,1.669,1.0,0.5,27,56,0.846
2004-07-27 06:00:00,dgp_regression,8.0,8.344,1.482,1.0,0.5,27,79,0.838
2004-07-27 09:00:00,dgp_regression,8.67,8.552,1.494,1.0,0.5,27,60,0.872
2004-07-27 12:00:00,dgp_regression,8.33,8.195,2.393,1.0,0.5,27,62,0.886
2004-07-27 15:00:00,dgp_regression,6.33,6.96,2.942,1.0,0.5,27,66,0.946
2004-07-27 18:00:00,dgp_regression,6.0,6.348,3.273,0.98,0.5,27,74,0.936
2004-07-27 21:00:00,dgp_regression,3.33,5.728,2.722,0.52,0.5,27,81,0.889
2000-07-15,dgp_regression,-1.0,-1.0,-1.0,-1.0,0.5,27,66
2000-07-15 03:00:00,dgp_regression,-1.0,-1.0,-1.0,-1.0,0.5,27,56
2000-07-15 06:00:00,dgp_regression,-1.0,-1.0,-1.0,-1.0,0.5,27,74
2000-07-15 09:00:00,dgp_regression,-1.0,-1.0,-1.0,-1.0,0.5,27,68
2000-07-15 12:00:00,dgp_regression,-1.0,-1.0,-1.0,-1.0,0.5,27,74
2000-07-15 15:00:00,dgp_regression,-1.0,-1.0,-1.0,-1.0,0.5,27,63
2000-07-15 18:00:00,dgp_regression,-1.0,-1.0,-1.0,-1.0,0.5,27,69
2000-07-15 21:00:00,dgp_regression,-1.0,-1.0,-1.0,-1.0,0.5,27,73
2004-11-10,dgp_regression,8.33,7.45,1.904,1.0,0.5,27,67,0.853
2004-11-10 03:00:00,dgp_regression,8.67,7.995,1.203,1.0,0.5,27,71,0.865
2004-11-10 06:00:00,dgp_regression,8.33,7.815,0.957,1.0,0.5,27,63,0.874
2004-11-10 09:00:00,dgp_regression,7.33,7.089,1.314,1.0,0.5,27,58,0.895
2004-11-10 12:00:00,dgp_regression,6.33,6.376,1.567,1.0,0.5,27,72,0.902
2004-11-10 15:00:00,dgp_regression,5.33,5.392,1.578,0.99,0.5,27,75,0.903
2004-11-10 18:00:00,dgp_regression,4.33,4.352,1.428,0.98,0.5,27,69,0.886
2004-11-10 21:00:00,dgp_regression,4.0,3.877,1.95,0.98,0.5,27,75,0.901
2004-07-25,dgp_regression,7.33,6.266,1.59,1.0,0.5,27,64,0.739
2004-07-25 03:00:00,dgp_regression,6.33,6.324,1.88,1.0,0.5,27,77,0.751
2004-07-25 06:00:00,dgp_regression,7.67,5.502,2.302,1.0,0.5,27,82,0.762
2004-07-25 09:00:00,dgp_regression,7.33,6.938,2.677,1.0,0.5,27,64,0.842
2004-07-25 12:00:00,dgp_regression,8.0,6.454,2.671,1.0,0.5,27,81,0.859
2004-07-25 18:00:00,dgp_regression,7.33,5.52,2.7,1.0,0.5,27,57,0.918
2004-07-25 21:00:00,dgp_regression,7.33,6.181,2.113,0.98,0.5,27,76,0.808
2003-11-20,dgp_regression,3.67,1.852,2.132,1.0,0.5,27,62,0.867
2003-11-20 03:00:00,dgp_regression,6.33,3.197,1.919,1.0,0.5,27,59,0.875
2003-11-20 06:00:00,dgp_regression,6.33,5.102,3.962,1.0,0.5,27,64,0.86
2003-11-20 09:00:00,dgp_regression,7.67,5.484,3.949,1.0,0.5,27,69,0.868
2003-11-20 12:00:00,dgp_regression,8.67,6.382,3.073,1.0,0.5,27,81,0.857
2003-11-20 15:00:00,dgp_regression,8.67,8.475,2.532,1.0,0.5,27,72,0.876
2003-11-20 18:00:00,dgp_regression,8.0,8.128,2.66,1.0,0.5,27,65,0.88
2003-11-20 21:00:00,dgp_regression,6.67,7.281,2.122,1.0,0.5,27,69,0.882
2001-11-06,dgp_regression,8.67,7.56,1.908,1.0,0.5,27,79,0.886
2001-11-06 03:00:00,dgp_regression,-1.0,-1.0,-1.0,-1.0,0.5,27,78
2001-11-06 06:00:00,dgp_regression,-1.0,-1.0,-1.0,-1.0,0.5,27,72
2001-11-06 09:00:00,dgp_regression,-1.0,-1.0,-1.0,-1.0,0.5,27,77
2001-11-06 12:00:00,dgp_regression,-1.0,-1.0,-1.0,-1.0,0.5,27,62
2001-11-06 15:00:00,dgp_regression,-1.0,-1.0,-1.0,-1.0,0.5,27,66
2001-11-06 18:00:00,dgp_regression,-1.0,-1.0,-1.0,-1.0,0.5,27,62
2004-11-08,dgp_regression,8.67,8.632,1.144,1.0,0.5,27,82,0.792
2004-11-08 03:00:00,dgp_regression,8.33,8.807,1.647,1.0,0.5,27,71,0.846
2004-11-08 06:00:00,dgp_regression,7.0,6.646,0.973,1.0,0.5,27,57,0.809
2004-11-08 12:00:00,dgp_regression,2.67,4.301,1.382,0.95,0.5,27,61,0.826
2004-11-08 15:00:00,dgp_regression,4.33,2.757,1.25,1.0,0.5,27,56,0.835
2004-11-08 18:00:00,dgp_regression,5.33,3.694,1.455,1.0,0.5,27,74,0.868
2004-11-08 21:00:00,dgp_regression,5.67,4.347,1.016,1.0,0.5,27,79,0.865
2000-08-12 03:00:00,dgp_regression,7.67,6.454,3.463,1.0,0.5,27,70,0.894
2000-08-12 06:00:00,dgp_regression,7.67,6.725,2.388,1.0,0.5,27,70,0.849
2000-08-12 09:00:00,dgp_regression,7.33,7.07,2.412,1.0,0.5,27,80,0.848
2000-08-12 12:00:00,dgp_regression,7.33,7.21,2.172,1.0,0.5,27,61,0.86
2000-08-12 15:00:00,dgp_regression,6.33,6.718,2.787,1.0,0.5,27,79,0.852
2000-08-12 18:00:00,dgp_regression,3.67,5.9,2.61,1.0,0.5,27,75,0.853
2000-08-12 21:00:00,dgp_regression,4.33,4.094,2.81,0.99,0.5,27,77,0.866
2004-11-09,dgp_regression,6.0,4.178,1.414,1.0,0.5,27,58,0.849
2004-11-09 03:00:00,dgp_regression,5.0,4.716,1.807,1.0,0.5,27,72,0.874
2004-11-09 06:00:00,dgp_regression,6.0,4.131,1.402,1.0,0.5,27,82,0.877
2004-11-09 09:00:00,dgp_regression,7.0,6.075,2.589,1.0,0.5,27,78,0.951
2004-11-09 12:00:00,dgp_regression,6.67,6.972,2.864,1.0,0.5,27,80,0.946
2004-11-09 15:00:00,dgp_regression,8.67,5.919,2.988,1.0,0.5,27,72,0.942
2004-11-09 18:00:00,dgp_regression,7.0,8.505,3.903,1.0,0.5,27,65,0.922
2004-11-09 21:00:00,dgp_regression,7.67,8.062,2.467,1.0,0.5,27,67,0.841
2003-10-31,dgp_regression,-1.0,-1.0,-1.0,-1.0,0.5,27,63
2003-10-31 03:00:00,dgp_regression,-1.0,-1.0,-1.0,-1.0,0.5,27,60
2003-10-31 06:00:00,dgp_regression,-1.0,-1.0,-1.0,-1.0,0.5,27,62
2003-10-31 09:00:00,dgp_regression,-1.0,-1.0,-1.0,-1.0,0.5,27,56
2003-10-31 15:00:00,dgp_regression,4.0,4.365,1.755,0.99,0.5,27,65,0.852
2003-10-31 18:00:00,dgp_regression,4.33,3.938,1.585,1.0,0.5,27,66,0.834
2003-10-31 21:00:00,dgp_regression,5.0,4.184,1.808,0.99,0.5,27,59,0.841
2000-10-05,dgp_regression,6.67,4.281,2.536,1.0,0.5,27,57,0.889
2000-10-05 03:00:00,dgp_regression,7.67,6.136,2.218,1.0,0.5,27,64,0.883
2000-10-05 06:00:00,dgp_regression,7.33,7.053,3.428,1.0,0.5,27,74,0.914
2000-10-05 09:00:00,dgp_regression,7.67,6.544,3.073,1.0,0.5,27,72,0.91
2000-10-05 12:00:00,dgp_regression,6.67,6.548,2.554,1.0,0.5,27,61,0.899
2000-10-05 15:00:00,dgp_regression,6.33,5.766,2.171,0.99,0.5,27,61,0.89
2000-10-05 18:00:00,dgp_regression,5.0,5.423,3.169,0.22,0.5,27,58,0.891
2000-10-05 21:00:00,dgp_regression,2.67,4.352,2.955,0.0,0.5,27,64,0.894
2003-05-29,dgp_regression,3.67,3.722,3.541,0.73,0.5,27,66,0.735
2003-05-29 03:00:00,dgp_regression,3.67,3.487,2.885,1.0,0.5,27,80,0.714
2003-05-29 06:00:00,dgp_regression,3.0,3.269,3.014,1.0,0.5,27,76,0.717
2003-05-29 09:00:00,dgp_regression,7.0,2.717,2.455,1.0,0.5,27,72,0.742
2003-05-29 12:00:00,dgp_regression,7.67,5.626,2.879,1.0,0.5,27,63,0.719
2003-05-29 15:00:00,dgp_regression,8.33,6.409,2.989,1.0,0.5,27,62,0.725
2003-05-29 18:00:00,dgp_regression,8.33,9.0,4.145,1.0,0.5,27,74,0.764
2003-05-29 21:00:00,dgp_regression,7.33,9.0,3.969,1.0,0.5,27,74,0.797
2003-08-18,dgp_regression,6.33,5.506,3.085,1.0,0.5,27,78,0.764
2003-08-18 03:00:00,dgp_regression,7.0,5.554,2.591,1.0,0.5,27,70,0.817
2003-08-18 06:00:00,dgp_regression,6.67,5.987,2.395,1.0,0.5,27,80,0.786
2003-08-18 09:00:00,dgp_regression,7.0,5.232,2.412,1.0,0.5,27,58,0.834
2003-08-18 12:00:00,dgp_regression,7.33,5.575,2.448,1.0,0.5,27,61,0.813
2003-08-18 15:00:00,dgp_regression,6.33,5.908,2.379,1.0,0.5,27,61,0.826
2003-08-18 18:00:00,dgp_regression,6.0,5.819,2.405,1.0,0.5,27,79,0.815
2003-08-18 21:00:00,dgp_regression,5.67,5.57,2.738,0.93,0.5,27,79,0.846
2001-11-24,dgp_regression,5.33,2.915,2.927,1.0,0.5,27,75,0.936
2001-11-24 03:00:00,dgp_regression,8.33,4.241,2.915,1.0,0.5,27,80,0.935
2001-11-24 06:00:00,dgp_regression,7.0,5.616,2.18,1.0,0.5,27,74,0.973
2001-11-24 09:00:00,dgp_regression,7.67,6.988,2.534,1.0,0.5,27,82,0.969
2001-11-24 12:00:00,dgp_regression,7.33,6.964,2.534,1.0,0.5,27,59,0.97
2001-11-24 15:00:00,dgp_regression,3.0,6.342,3.125,0.93,0.5,27,78,0.917
2001-11-24 18:00:00,dgp_regression,4.67,3.121,3.449,0.97,0.5,27,77,0.909
2001-11-24 21:00:00,dgp_regression,1.67,4.169,2.502,0.63,0.5,27,59,0.911
2005-08-24,dgp_regression,3.33,2.68,1.731,1.0,0.5,27,68,0.855
2005-08-24 03:00:00,dgp_regression,6.33,3.219,1.573,1.0,0.5,27,77,0.87
2005-08-24 06:00:00,dgp_regression,8.67,7.546,2.697,1.0,0.5,27,82,0.898
2005-08-24 09:00:00,dgp_regression,7.33,9.0,3.028,1.0,0.5,27,55,0.875
2005-08-24 12:00:00,dgp_regression,-1.0,-1.0,-1.0,-1.0,0.5,27,64
2005-08-24 18:00:00,dgp_regression,4.33,6.081,2.903,0.98,0.5,27,69,0.908
2005-08-24 21:00:00,dgp_regression,4.67,4.166,2.601,0.77,0.5,27,61,0.889
2005-09-11,dgp_regression,7.0,5.603,2.541,1.0,0.5,27,63,0.941
2005-09-11 03:00:00,dgp_regression,7.67,7.11,2.313,1.0,0.5,27,61,0.94
2005-09-11 06:00:00,dgp_regression,-1.0,-1.0,-1.0,-1.0,0.5,27,64
2005-09-11 12:00:00,dgp_regression,5.33,6.285,3.356,1.0,0.5,27,64,0.9
2005-09-11 15:00:00,dgp_regression,6.0,5.008,3.276,1.0,0.5,27,55,0.866
2005-09-11 18:00:00,dgp_regression,4.67,5.473,2.168,1.0,0.5,27,56,0.86
2005-09-11 21:00:00,dgp_regression,4.67,4.585,1.949,1.0,0.5,27,70,0.885
2001-10-22,dgp_regression,4.67,5.801,2.309,1.0,0.5,27,81,0.86
2001-10-22 03:00:00,dgp_regression,3.67,4.692,2.046,1.0,0.5,27,56,0.863
2001-10-22 06:00:00,dgp_regression,6.0,3.794,1.85,1.0,0.5,27,74,0.859
2001-10-22 09:00:00,dgp_regression,6.0,5.673,2.216,1.0,0.5,27,55,0.861
2001-10-22 12:00:00,dgp_regression,7.33,5.366,2.141,1.0,0.5,27,69,0.864
2001-10-22 15:00:00,dgp_regression,7.0,6.551,2.579,1.0,0.5,27,58,0.869
2001-10-22 18:00:00,dgp_regression,7.0,5.711,2.479,1.0,0.5,27,68,0.883
2001-10-22 21:00:00,dgp_regression,5.33,5.55,2.194,0.98,0.5,27,81,0.87
2006-12-15,dgp_regression,7.67,6.86,1.132,1.0,0.5,27,72,0.734
2006-12-15 03:00:00,dgp_regression,6.67,5.98,1.101,1.0,0.5,27,77,0.758
2006-12-15 09:00:00,dgp_regression,6.0,4.407,2.406,0.99,0.5,27,58,0.838
2006-12-15 15:00:00,dgp_regression,4.0,3.139,3.61,0.71,0.5,27,55,0.863
2006-12-15 18:00:00,dgp_regression,3.67,3.084,2.517,0.37,0.5,27,71,0.879
2006-12-15 21:00:00,dgp_regression,3.0,3.679,1.503,0.03,0.5,27,75,0.87
2000-05-24,dgp_regression,7.67,6.854,2.493,1.0,0.5,27,82,0.884
2000-05-24 03:00:00,dgp_regression,6.0,6.826,2.373,1.0,0.5,27,72,0.894
2000-05-24 06:00:00,dgp_regression,5.67,5.217,2.576,1.0,0.5,27,64,0.911
2000-05-24 09:00:00,dgp_regression,5.0,5.071,2.949,1.0,0.5,27,79,0.899
2000-05-24 12:00:00,dgp_regression,5.0,4.371,2.301,1.0,0.5,27,79,0.893
2000-05-24 15:00:00,dgp_regression,6.0,4.169,1.965,0.99,0.5,27,67,0.865
2000-05-24 18:00:00,dgp_regression,4.33,4.98,1.954,0.99,0.5,27,81,0.882
2000-05-24 21:00:00,dgp_regression,4.67,3.857,1.88,0.99,0.5,27,65,0.877
2005-05-08,dgp_regression,5.33,5.178,3.301,1.0,0.5,27,58,0.81
2005-05-08 03:00:00,dgp_regression,3.67,3.819,3.526,1.0,0.5,27,76,0.786
2005-05-08 06:00:00,dgp_regression,6.0,3.289,2.043,1.0,0.5,27,81,0.793
2005-05-08 09:00:00,dgp_regression,8.33,6.401,3.253,1.0,0.5,27,80,0.857
2005-05-08 12:00:00,dgp_regression,7.67,9.0,2.707,1.0,0.5,27,74,0.893
2005-05-08 15:00:00,dgp_regression,5.33,8.377,3.279,0.98,0.5,27,68,0.9
2005-05-08 18:00:00,dgp_regression,3.67,5.462,3.08,0.56,0.5,27,79,0.816
2005-05-08 21:00:00,dgp_regression,3.0,4.08,3.033,0.03,0.5,27,61,0.86
2005-05-30,dgp_regression,3.33,3.699,2.346,1.0,0.5,27,75,0.824
2005-05-30 03:00:00,dgp_regression,6.33,2.902,1.355,1.0,0.5,27,77,0.829
2005-05-30 06:00:00,dgp_regression,6.33,5.093,2.618,1.0,0.5,27,57,0.851
2005-05-30 09:00:00,dgp_regression,7.33,5.171,1.419,1.0,0.5,27,67,0.836
2005-05-30 12:00:00,dgp_regression,7.67,5.646,1.644,1.0,0.5,27,69,0.841
2005-05-30 15:00:00,dgp_regression,6.67,5.899,1.288,1.0,0.5,27,75,0.866
2005-05-30 18:00:00,dgp_regression,4.67,5.244,1.859,0.89,0.5,27,61,0.869
2005-05-30 21:00:00,dgp_regression,3.33,3.981,2.28,0.37,0.5,27,81,0.895
2012-03-09,dgp_regression,6.33,4.705,2.743,1.0,0.5,27,82,0.859
2012-03-09 03:00:00,dgp_regression,8.0,6.002,2.46,1.0,0.5,27,70,0.759
2012-03-09 06:00:00,dgp_regression,7.33,7.095,1.541,1.0,0.5,27,63,0.772
2012-03-09 09:00:00,dgp_regression,6.67,6.522,2.268,1.0,0.5,27,55,0.805
2012-03-09 12:00:00,dgp_regression,5.67,6.145,1.681,0.87,0.5,27,69,0.806
2012-03-09 15:00:00,dgp_regression,3.0,4.946,1.674,0.65,0.5,27,72,0.809
2012-03-09 18:00:00,dgp_regression,2.33,3.497,1.859,0.69,0.5,27,68,0.819
2012-03-09 21:00:00,dgp_regression,4.67,2.937,1.811,0.76,0.5,27,72,0.809
2005-05-15,dgp_regression,5.67,3.515,1.854,1.0,0.5,27,55,0.736
2005-05-15 03:00:00,dgp_regression,8.33,8.641,3.282,1.0,0.5,27,74,0.902
2005-05-15 06:00:00,dgp_regression,7.67,7.686,3.66,1.0,0.5,27,75,0.847
2005-05-15 09:00:00,dgp_regression,4.0,5.529,1.937,1.0,0.5,27,62,0.788
2005-05-15 12:00:00,dgp_regression,4.0,2.839,1.597,1.0,0.5,27,75,0.798
2005-05-15 15:00:00,dgp_regression,5.0,3.235,1.4,1.0,0.5,27,60,0.78
2005-05-15 18:00:00,dgp_regression,5.0,3.856,1.113,1.0,0.5,27,82,0.782
2005-05-15 21:00:00,dgp_regression,4.0,4.004,1.874,1.0,0.5,27,79,0.795
2001-04-11,dgp_regression,2.33,2.67,3.03,0.01,0.5,27,67,0.886
2001-04-11 03:00:00,dgp_regression,2.0,2.189,2.885,0.08,0.5,27,78,0.867
2001-04-11 06:00:00,dgp_regression,2.0,2.038,2.559,1.0,0.5,27,71,0.916
2001-04-11 09:00:00,dgp_regression,3.67,1.835,2.494,1.0,0.5,27,75,0.907
2001-04-11 15:00:00,dgp_regression,7.67,6.96,2.854,1.0,0.5,27,72,0.955
2001-04-11 18:00:00,dgp_regression,8.33,7.334,3.134,1.0,0.5,27,67,0.951
2001-04-11 21:00:00,dgp_regression,7.33,7.927,3.403,1.0,0.5,27,59,0.944
2005-01-18,dgp_regression,5.67,5.866,3.024,1.0,0.5,27,62,0.853
2005-01-18 03:00:00,dgp_regression,7.67,4.584,3.546,1.0,0.5,27,62,0.881
2005-01-18 06:00:00,dgp_regression,-1.0,-1.0,-1.0,-1.0,0.5,27,76
2005-01-18 09:00:00,dgp_regression,-1.0,-1.0,-1.0,-1.0,0.5,27,57
2005-01-18 12:00:00,dgp_regression,-1.0,-1.0,-1.0,-1.0,0.5,27,68
2005-01-18 18:00:00,dgp_regression,5.67,4.962,3.499,1.0,0.5,27,68,0.894
2005-01-18 21:00:00,dgp_regression,6.33,6.2,3.413,1.0,0.5,27,57,0.894
2000-04-06,dgp_regression,4.33,1.778,1.763,0.3,0.5,27,55,0.867
2000-04-06 03:00:00,dgp_regression,2.67,3.534,2.096,0.11,0.5,27,80,0.857
2000-04-06 06:00:00,dgp_regression,2.33,2.344,2.205,0.95,0.5,27,64,0.851
2000-04-06 09:00:00,dgp_regression,3.33,2.247,1.559,1.0,0.5,27,60,0.855
2000-04-06 12:00:00,dgp_regression,6.67,2.769,2.012,1.0,0.5,27,81,0.841
2000-04-06 15:00:00,dgp_regression,8.33,5.441,2.488,1.0,0.5,27,68,0.862
2000-04-06 18:00:00,dgp_regression,8.33,8.163,3.172,1.0,0.5,27,79,0.892
2000-04-06 21:00:00,dgp_regression,8.67,8.386,3.146,1.0,0.5,27,73,0.869
2012-07-15,dgp_regression,5.33,2.306,2.925,1.0,0.5,27,66,0.886
2012-07-15 03:00:00,dgp_regression,6.67,3.926,2.895,1.0,0.5,27,72,0.874
2012-07-15 06:00:00,dgp_regression,6.0,6.041,2.503,1.0,0.5,27,77,0.842
2012-07-15 09:00:00,dgp_regression,5.33,5.76,1.787,1.0,0.5,27,58,0.866
2012-07-15 12:00:00,dgp_regression,6.0,4.839,1.68,1.0,0.5,27,73,0.847
2012-07-15 18:00:00,dgp_regression,6.0,6.118,1.564,1.0,0.5,27,55,0.873
2012-07-15 21:00:00,dgp_regression,6.33,5.28,1.753,1.0,0.5,27,64,0.862
2002-05-23,dgp_regression,2.67,2.649,1.57,0.97,0.5,27,64,0.864
2002-05-23 06:00:00,dgp_regression,6.67,2.227,1.875,1.0,0.5,27,80,0.871
2002-05-23 09:00:00,dgp_regression,7.67,6.122,2.831,1.0,0.5,27,58,0.897
2002-05-23 12:00:00,dgp_regression,8.33,7.156,2.261,1.0,0.5,27,70,0.957
2002-05-23 15:00:00,dgp_regression,5.0,6.454,2.508,0.11,0.5,27,69,0.904
2002-05-23 18:00:00,dgp_regression,3.33,5.519,2.921,0.0,0.5,27,61,0.896
2002-05-23 21:00:00,dgp_regression,-1.0,-1.0,-1.0,-1.0,0.5,27,60
2005-09-12,dgp_regression,4.33,4.532,2.176,1.0,0.5,27,68,0.876
2005-09-12 03:00:00,dgp_regression,7.0,4.256,2.183,1.0,0.5,27,65,0.882
2005-09-12 06:00:00,dgp_regression,5.67,6.019,2.947,1.0,0.5,27,58,0.926
2005-09-12 09:00:00,dgp_regression,4.67,5.584,3.119,1.0,0.5,27,70,0.933
2005-09-12 12:00:00,dgp_regression,6.0,5.347,3.379,1.0,0.5,27,64,0.897
2005-09-12 15:00:00,dgp_regression,6.0,5.717,3.459,1.0,0.5,27,79,0.901
2005-09-12 18:00:00,dgp_regression,7.0,5.616,2.954,1.0,0.5,27,70,0.888
2005-09-12 21:00:00,dgp_regression,5.67,6.447,1.925,0.99,0.5,27,55,0.858
2001-03-20,dgp_regression,5.67,4.377,2.167,1.0,0.5,27,71,0.83
2001-03-20 03:00:00,dgp_regression,6.0,4.767,2.688,1.0,0.5,27,59,0.842
2001-03-20 06:00:00,dgp_regression,5.67,4.909,2.66,1.0,0.5,27,72,0.828
2001-03-20 09:00:00,dgp_regression,7.33,4.785,2.218,1.0,0.5,27,62,0.88
2001-03-20 12:00:00,dgp_regression,7.0,6.42,2.554,1.0,0.5,27,56,0.882
2001-03-20 15:00:00,dgp_regression,4.33,6.434,3.161,0.94,0.5,27,60,0.877
2001-03-20 18:00:00,dgp_regression,3.67,4.247,2.35,0.59,0.5,27,81,0.856
2001-03-20 21:00:00,dgp_regression,4.0,4.285,3.091,0.24,0.5,27,64,0.889
2000-04-07,dgp_regression,6.0,8.815,3.117,1.0,0.5,27,59,0.913
2000-04-07 03:00:00,dgp_regression,6.0,6.03,2.617,0.99,0.5,27,69,0.866
2000-04-07 09:00:00,dgp_regression,4.0,3.667,1.641,0.86,0.5,27,81,0.878
2000-04-07 12:00:00,dgp_regression,4.33,3.599,2.236,0.83,0.5,27,69,0.881
2000-04-07 15:00:00,dgp_regression,3.67,4.412,2.284,0.36,0.5,27,70,0.9
2000-04-07 18:00:00,dgp_regression,3.67,3.597,2.214,0.11,0.5,27,81,0.903
2000-04-07 21:00:00,dgp_regression,2.33,3.512,2.248,0.07,0.5,27,56,0.902
2013-03-17,dgp_regression,2.33,1.396,1.226,1.0,0.5,27,58,0.692
2013-03-17 03:00:00,dgp_regression,6.67,1.659,1.57,1.0,0.5,27,55,0.676
2013-03-17 06:00:00,dgp_regression,6.33,6.12,2.47,1.0,0.5,27,81,0.799
2013-03-17 09:00:00,dgp_regression,5.67,5.655,2.57,1.0,0.5,27,71,0.818
2013-03-17 12:00:00,dgp_regression,6.33,4.956,2.817,1.0,0.5,27,70,0.807
2013-03-17 15:00:00,dgp_regression,6.67,5.51,2.426,1.0,0.5,27,70,0.772
2013-03-17 18:00:00,dgp_regression,6.0,5.565,2.525,0.89,0.5,27,60,0.797
2013-03-17 21:00:00,dgp_regression,3.0,4.586,3.379,0.08,0.5,27,78,0.773
2003-10-29,dgp_regression,-1.0,-1.0,-1.0,-1.0,0.5,54,100
2003-10-29 03:00:00,dgp_regression,-1.0,-1.0,-1.0,-1.0,0.5,54,97
2003-10-29 06:00:00,dgp_regression,-1.0,-1.0,-1.0,-1.0,0.5,54,84
2003-10-29 09:00:00,dgp_regression,-1.0,-1.0,-1.0,-1.0,0.5,54,95
2003-10-29 12:00:00,dgp_regression,-1.0,-1.0,-1.0,-1.0,0.5,54,82
2003-10-29 15:00:00,dgp_regression,-1.0,-1.0,-1.0,-1.0,0.5,54,106
2003-10-29 18:00:00,dgp_regression,-1.0,-1.0,-1.0,-1.0,0.5,54,91
2003-10-29 21:00:00,dgp_regression,-1.0,-1.0,-1.0,-1.0,0.5,54,101
2001-03-31,dgp_regression,8.67,6.18,2.282,1.0,0.5,54,86,0.916
2001-03-31 03:00:00,dgp_regression,8.67,9.0,2.019,1.0,0.5,54,95,0.949
2001-03-31 06:00:00,dgp_regression,6.33,8.692,2.212,1.0,0.5,54,90,0.91
2001-03-31 09:00:00,dgp_regression,7.0,6.95,2.347,1.0,0.5,54,94,0.918
2001-03-31 12:00:00,dgp_regression,8.0,6.331,2.441,1.0,0.5,54,86,0.926
2001-03-31 15:00:00,dgp_regression,8.33,8.206,2.419,1.0,0.5,54,85,0.907
2001-03-31 18:00:00,dgp_regression,7.33,7.707,2.439,1.0,0.5,54,105,0.909
2001-03-31 21:00:00,dgp_regression,5.0,6.241,2.299,1.0,0.5,54,96,0.922
2003-10-30,dgp_regression,-1.0,-1.0,-1.0,-1.0,0.5,54,82
2003-10-30 03:00:00,dgp_regression,-1.0,-1.0,-1.0,-1.0,0.5,54,90
2003-10-30 06:00:00,dgp_regression,-1.0,-1.0,-1.0,-1.0,0.5,54,88
2003-10-30 09:00:00,dgp_regression,-1.0,-1.0,-1.0,-1.0,0.5,54,109
2003-10-30 12:00:00,dgp_regression,-1.0,-1.0,-1.0,-1.0,0.5,54,108
2003-10-30 15:00:00,dgp_regression,-1.0,-1.0,-1.0,-1.0,0.5,54,87
2003-10-30 18:00:00,dgp_regression,-1.0,-1.0,-1.0,-1.0,0.5,54,104
2003-10-30 21:00:00,dgp_regression,-1.0,-1.0,-1.0,-1.0,0.5,54,92
2004-07-27,dgp_regression,7.67,8.039,2.543,1.0,0.5,54,104,0.903
2004-07-27 03:00:00,dgp_regression,7.33,9.0,1.677,1.0,0.5,54,92,0.816
2004-07-27 06:00:00,dgp_regression,8.0,8.312,1.495,1.0,0.5,54,83,0.833
2004-07-27 09:00:00,dgp_regression,8.67,8.403,1.399,1.0,0.5,54,84,0.849
2004-07-27 12:00:00,dgp_regression,8.33,8.015,2.281,1.0,0.5,54,95,0.861
2004-07-27 15:00:00,dgp_regression,6.33,6.955,2.973,1.0,0.5,54,101,0.923
2004-07-27 18:00:00,dgp_regression,6.0,6.081,3.211,0.98,0.5,54,108,0.919
2004-07-27 21:00:00,dgp_regression,3.33,5.642,2.721,0.52,0.5,54,98,0.878
2000-07-15,dgp_regression,-1.0,-1.0,-1.0,-1.0,0.5,54,88
2000-07-15 03:00:00,dgp_regression,-1.0,-1.0,-1.0,-1.0,0.5,54,103
2000-07-15 06:00:00,dgp_regression,-1.0,-1.0,-1.0,-1.0,0.5,54,99
2000-07-15 09:00:00,dgp_regression,-1.0,-1.0,-1.0,-1.0,0.5,54,85
2000-07-15 12:00:00,dgp_regression,-1.0,-1.0,-1.0,-1.0,0.5,54,89
2000-07-15 15:00:00,dgp_regression,-1.0,-1.0,-1.0,-1.0,0.5,54,99
2000-07-15 18:00:00,dgp_regression,-1.0,-1.0,-1.0,-1.0,0.5,54,104
2000-07-15 21:00:00,dgp_regression,-1.0,-1.0,-1.0,-1.0,0.5,54,92
2004-11-10,dgp_regression,8.33,8.069,1.938,1.0,0.5,54,96,0.88
2004-11-10 03:00:00,dgp_regression,8.67,8.155,1.206,1.0,0.5,54,83,0.884
2004-11-10 06:00:00,dgp_regression,8.33,7.978,1.113,1.0,0.5,54,93,0.89
2004-11-10 09:00:00,dgp_regression,7.33,7.361,1.405,1.0,0.5,54,94,0.896
2004-11-10 12:00:00,dgp_regression,6.33,6.34,1.648,1.0,0.5,54,107,0.9
2004-11-10 15:00:00,dgp_regression,5.33,5.438,1.577,0.99,0.5,54,103,0.9
2004-11-10 18:00:00,dgp_regression,4.33,4.612,1.471,0.98,0.5,54,99,0.898
2004-11-10 21:00:00,dgp_regression,4.0,3.882,1.958,0.98,0.5,54,88,0.897
2004-07-25,dgp_regression,7.33,5.741,1.71,1.0,0.5,54,104,0.666
2004-07-25 03:00:00,dgp_regression,6.33,6.268,1.96,1.0,0.5,54,86,0.738
2004-07-25 06:00:00,dgp_regression,7.67,5.293,2.253,1.0,0.5,54,99,0.727
2004-07-25 09:00:00,dgp_regression,7.33,6.479,2.773,1.0,0.5,54,104,0.76
2004-07-25 12:00:00,dgp_regression,8.0,6.375,2.413,1.0,0.5,54,107,0.784
2004-07-25 15:00:00,dgp_regression,7.33,6.408,2.746,1.0,0.5,54,109,0.83
2004-07-25 18:00:00,dgp_regression,7.33,5.648,2.844,1.0,0.5,54,83,0.88
2004-07-25 21:00:00,dgp_regression,7.33,6.081,2.088,0.98,0.5,54,93,0.794
2003-11-20,dgp_regression,3.67,1.82,2.251,1.0,0.5,54,103,0.883
2003-11-20 03:00:00,dgp_regression,6.33,3.192,2.179,1.0,0.5,54,109,0.882
2003-11-20 06:00:00,dgp_regression,6.33,5.054,3.818,1.0,0.5,54,83,0.861
2003-11-20 12:00:00,dgp_regression,8.67,6.87,3.056,1.0,0.5,54,95,0.878
2003-11-20 15:00:00,dgp_regression,8.67,8.537,2.45,1.0,0.5,54,101,0.89
2003-11-20 21:00:00,dgp_regression,6.67,7.267,2.172,1.0,0.5,54,103,0.893
2001-11-06,dgp_regression,8.67,7.364,1.86,1.0,0.5,54,99,0.883
2001-11-06 03:00:00,dgp_regression,-1.0,-1.0,-1.0,-1.0,0.5,54,99
2001-11-06 06:00:00,dgp_regression,-1.0,-1.0,-1.0,-1.0,0.5,54,96
2001-11-06 09:00:00,dgp_regression,-1.0,-1.0,-1.0,-1.0,0.5,54,90
2001-11-06 12:00:00,dgp_regression,-1.0,-1.0,-1.0,-1.0,0.5,54,105
2001-11-06 15:00:00,dgp_regression,-1.0,-1.0,-1.0,-1.0,0.5,54,101
2001-11-06 18:00:00,dgp_regression,-1.0,-1.0,-1.0,-1.0,0.5,54,91
2004-11-08,dgp_regression,8.67,8.674,1.338,1.0,0.5,54,99,0.8
2004-11-08 03:00:00,dgp_regression,8.33,8.643,1.562,1.0,0.5,54,101,0.836
2004-11-08 06:00:00,dgp_regression,7.0,7.344,1.32,1.0,0.5,54,106,0.873
2004-11-08 09:00:00,dgp_regression,5.0,5.914,1.361,0.95,0.5,54,92,0.857
2004-11-08 12:00:00,dgp_regression,2.67,4.369,1.632,0.95,0.5,54,95,0.86
2004-11-08 15:00:00,dgp_regression,4.33,2.809,1.274,1.0,0.5,54,84,0.86
2004-11-08 18:00:00,dgp_regression,5.33,3.642,1.492,1.0,0.5,54,106,0.875
2004-11-08 21:00:00,dgp_regression,5.67,4.332,1.205,1.0,0.5,54,100,0.859
2000-08-12,dgp_regression,7.33,4.734,3.365,1.0,0.5,54,108,0.896
2000-08-12 03:00:00,dgp_regression,7.67,6.543,3.407,1.0,0.5,54,85,0.913
2000-08-12 06:00:00,dgp_regression,7.67,6.692,2.376,1.0,0.5,54,107,0.858
2000-08-12 09:00:00,dgp_regression,7.33,6.911,2.351,1.0,0.5,54,105,0.855
2000-08-12 12:00:00,dgp_regression,7.33,7.034,2.257,1.0,0.5,54,91,0.869
2000-08-12 15:00:00,dgp_regression,6.33,6.824,2.776,1.0,0.5,54,87,0.876
2000-08-12 18:00:00,dgp_regression,3.67,5.834,2.54,1.0,0.5,54,103,0.867
2000-08-12 21:00:00,dgp_regression,4.33,4.115,2.888,0.99,0.5,54,96,0.873
2004-11-09,dgp_regression,6.0,4.364,1.64,1.0,0.5,54,105,0.882
2004-11-09 03:00:00,dgp_regression,5.0,4.739,1.821,1.0,0.5,54,87,0.864
2004-11-09 06:00:00,dgp_regression,6.0,4.091,1.439,1.0,0.5,54,93,0.876
2004-11-09 09:00:00,dgp_regression,7.0,5.771,2.592,1.0,0.5,54,95,0.95
2004-11-09 12:00:00,dgp_regression,6.67,6.9,2.897,1.0,0.5,54,88,0.943
2004-11-09 15:00:00,dgp_regression,8.67,5.838,2.969,1.0,0.5,54,99,0.937
2004-11-09 18:00:00,dgp_regression,7.0,8.427,3.962,1.0,0.5,54,108,0.947
2004-11-09 21:00:00,dgp_regression,7.67,8.345,2.356,1.0,0.5,54,92,0.871
2003-10-31,dgp_regression,-1.0,-1.0,-1.0,-1.0,0.5,54,96
2003-10-31 03:00:00,dgp_regression,-1.0,-1.0,-1.0,-1.0,0.5,54,90
2003-10-31 06:00:00,dgp_regression,-1.0,-1.0,-1.0,-1.0,0.5,54,95
2003-10-31 09:00:00,dgp_regression,-1.0,-1.0,-1.0,-1.0,0.5,54,87
2003-10-31 15:00:00,dgp_regression,4.0,4.788,2.082,0.99,0.5,54,104,0.871
2003-10-31 18:00:00,dgp_regression,4.33,4.227,1.936,1.0,0.5,54,100,0.858
2003-10-31 21:00:00,dgp_regression,5.0,4.404,2.117,0.99,0.5,54,106,0.857
2000-10-05,dgp_regression,6.67,4.374,2.585,1.0,0.5,54,88,0.882
2000-10-05 03:00:00,dgp_regression,7.67,5.963,2.153,1.0,0.5,54,90,0.883
2000-10-05 06:00:00,dgp_regression,7.33,6.992,3.332,1.0,0.5,54,97,0.91
2000-10-05 09:00:00,dgp_regression,7.67,6.541,2.959,1.0,0.5,54,103,0.911
2000-10-05 12:00:00,dgp_regression,6.67,6.628,2.519,1.0,0.5,54,85,0.89
2000-10-05 15:00:00,dgp_regression,6.33,5.705,2.163,0.99,0.5,54,104,0.885
2000-10-05 18:00:00,dgp_regression,5.0,5.295,3.051,0.22,0.5,54,105,0.887
2000-10-05 21:00:00,dgp_regression,2.67,4.217,2.633,0.0,0.5,54,94,0.894
2003-05-29,dgp_regression,3.67,3.701,3.271,0.73,0.5,54,98,0.717
2003-05-29 03:00:00,dgp_regression,3.67,3.469,2.798,1.0,0.5,54,107,0.706
2003-05-29 06:00:00,dgp_regression,3.0,3.271,2.947,1.0,0.5,54,86,0.699
2003-05-29 09:00:00,dgp_regression,7.0,2.716,2.452,1.0,0.5,54,99,0.733
2003-05-29 12:00:00,dgp_regression,7.67,5.67,2.579,1.0,0.5,54,100,0.727
2003-05-29 15:00:00,dgp_regression,8.33,6.499,2.743,1.0,0.5,54,102,0.725
2003-05-29 18:00:00,dgp_regression,8.33,9.0,4.068,1.0,0.5,54,105,0.739
2003-05-29 21:00:00,dgp_regression,7.33,9.0,3.969,1.0,0.5,54,107,0.777
2003-08-18,dgp_regression,6.33,5.188,3.076,1.0,0.5,54,84,0.789
2003-08-18 03:00:00,dgp_regression,7.0,5.594,3.035,1.0,0.5,54,91,0.814
2003-08-18 06:00:00,dgp_regression,6.67,6.133,2.442,1.0,0.5,54,85,0.812
2003-08-18 09:00:00,dgp_regression,7.0,5.737,2.601,1.0,0.5,54,107,0.862
2003-08-18 12:00:00,dgp_regression,7.33,6.154,2.625,1.0,0.5,54,87,0.846
2003-08-18 15:00:00,dgp_regression,6.33,6.24,2.517,1.0,0.5,54,104,0.831
2003-08-18 18:00:00,dgp_regression,6.0,5.835,2.456,1.0,0.5,54,83,0.835
2003-08-18 21:00:00,dgp_regression,5.67,5.504,2.833,0.93,0.5,54,92,0.858
2001-11-24,dgp_regression,5.33,2.901,2.892,1.0,0.5,54,96,0.928
2001-11-24 03:00:00,dgp_regression,8.33,4.217,2.957,1.0,0.5,54,104,0.92
2001-11-24 06:00:00,dgp_regression,7.0,5.24,2.159,1.0,0.5,54,109,0.972
2001-11-24 09:00:00,dgp_regression,7.67,6.743,2.55,1.0,0.5,54,102,0.966
2001-11-24 12:00:00,dgp_regression,7.33,6.881,2.744,1.0,0.5,54,83,0.965
2001-11-24 15:00:00,dgp_regression,3.0,6.401,3.13,0.93,0.5,54,85,0.917
2001-11-24 18:00:00,dgp_regression,4.67,3.196,3.461,0.97,0.5,54,84,0.908
2001-11-24 21:00:00,dgp_regression,1.67,4.379,2.326,0.63,0.5,54,103,0.895
2005-08-24,dgp_regression,3.33,2.651,1.725,1.0,0.5,54,92,0.896
2005-08-24 03:00:00,dgp_regression,6.33,3.25,1.61,1.0,0.5,54,96,0.892
2005-08-24 06:00:00,dgp_regression,8.67,7.187,2.725,1.0,0.5,54,102,0.922
2005-08-24 09:00:00,dgp_regression,7.33,9.0,2.925,1.0,0.5,54,106,0.924
2005-08-24 12:00:00,dgp_regression,-1.0,-1.0,-1.0,-1.0,0.5,54,88
2005-08-24 18:00:00,dgp_regression,4.33,5.953,3.023,0.98,0.5,54,108,0.934
2005-08-24 21:00:00,dgp_regression,4.67,4.259,2.711,0.77,0.5,54,94,0.93
2005-09-11,dgp_regression,7.0,5.812,2.433,1.0,0.5,54,88,0.952
2005-09-11 03:00:00,dgp_regression,7.67,7.516,2.121,1.0,0.5,54,88,0.963
2005-09-11 06:00:00,dgp_regression,-1.0,-1.0,-1.0,-1.0,0.5,54,100
2005-09-11 12:00:00,dgp_regression,5.33,6.291,3.134,1.0,0.5,54,102,0.913
2005-09-11 15:00:00,dgp_regression,6.0,4.92,3.171,1.0,0.5,54,83,0.915
2005-09-11 18:00:00,dgp_regression,4.67,5.472,2.439,1.0,0.5,54,92,0.908
2005-09-11 21:00:00,dgp_regression,4.67,4.549,2.013,1.0,0.5,54,91,0.895
2001-10-22,dgp_regression,4.67,6.089,2.251,1.0,0.5,54,100,0.869
2001-10-22 03:00:00,dgp_regression,3.67,4.256,1.924,1.0,0.5,54,101,0.865
2001-10-22 06:00:00,dgp_regression,6.0,3.652,1.797,1.0,0.5,54,99,0.861
2001-10-22 09:00:00,dgp_regression,6.0,5.244,2.097,1.0,0.5,54,98,0.861
2001-10-22 12:00:00,dgp_regression,7.33,5.298,2.126,1.0,0.5,54,85,0.86
2001-10-22 15:00:00,dgp_regression,7.0,6.192,2.392,1.0,0.5,54,85,0.864
2001-10-22 18:00:00,dgp_regression,7.0,5.643,2.712,1.0,0.5,54,85,0.873
2001-10-22 21:00:00,dgp_regression,5.33,5.488,2.191,0.98,0.5,54,92,0.866
2006-12-15,dgp_regression,7.67,6.603,1.109,1.0,0.5,54,85,0.731
2006-12-15 03:00:00,dgp_regression,6.67,5.98,1.094,1.0,0.5,54,85,0.758
2006-12-15 06:00:00,dgp_regression,5.67,5.192,0.994,1.0,0.5,54,105,0.755
2006-12-15 09:00:00,dgp_regression,6.0,4.331,2.337,0.99,0.5,54,109,0.79
2006-12-15 12:00:00,dgp_regression,4.0,4.53,3.416,0.88,0.5,54,94,0.767
2006-12-15 15:00:00,dgp_regression,4.0,3.294,3.567,0.71,0.5,54,106,0.811
2006-12-15 18:00:00,dgp_regression,3.67,3.019,2.459,0.37,0.5,54,103,0.843
2006-12-15 21:00:00,dgp_regression,3.0,3.404,1.394,0.03,0.5,54,95,0.83
2000-05-24,dgp_regression,7.67,7.282,2.684,1.0,0.5,54,105,0.884
2000-05-24 03:00:00,dgp_regression,6.0,6.763,2.461,1.0,0.5,54,108,0.879
2000-05-24 06:00:00,dgp_regression,5.67,5.218,2.493,1.0,0.5,54,82,0.925
2000-05-24 09:00:00,dgp_regression,5.0,5.151,3.092,1.0,0.5,54,96,0.88
2000-05-24 12:00:00,dgp_regression,5.0,4.45,2.326,1.0,0.5,54,95,0.883
2000-05-24 15:00:00,dgp_regression,6.0,4.32,1.796,0.99,0.5,54,99,0.873
2000-05-24 18:00:00,dgp_regression,4.33,4.969,2.072,0.99,0.5,54,87,0.884
2000-05-24 21:00:00,dgp_regression,4.67,3.894,1.767,0.99,0.5,54,87,0.889
2005-05-08,dgp_regression,5.33,4.962,3.489,1.0,0.5,54,92,0.821
2005-05-08 03:00:00,dgp_regression,3.67,3.818,3.451,1.0,0.5,54,83,0.816
2005-05-08 06:00:00,dgp_regression,6.0,3.292,2.041,1.0,0.5,54,82,0.79
2005-05-08 09:00:00,dgp_regression,8.33,5.986,3.664,1.0,0.5,54,108,0.859
2005-05-08 12:00:00,dgp_regression,7.67,9.0,2.796,1.0,0.5,54,102,0.89
2005-05-08 15:00:00,dgp_regression,5.33,8.571,3.278,0.98,0.5,54,97,0.891
2005-05-08 18:00:00,dgp_regression,3.67,5.418,3.184,0.56,0.5,54,99,0.829
2005-05-08 21:00:00,dgp_regression,3.0,4.221,3.252,0.03,0.5,54,102,0.818
2005-05-30,dgp_regression,3.33,3.737,2.381,1.0,0.5,54,102,0.829
2005-05-30 03:00:00,dgp_regression,6.33,2.892,1.323,1.0,0.5,54,105,0.835
2005-05-30 06:00:00,dgp_regression,6.33,5.019,2.374,1.0,0.5,54,92,0.835
2005-05-30 09:00:00,dgp_regression,7.33,5.096,1.423,1.0,0.5,54,105,0.839
2005-05-30 12:00:00,dgp_regression,7.67,5.522,1.504,1.0,0.5,54,105,0.842
2005-05-30 15:00:00,dgp_regression,6.67,5.798,1.511,1.0,0.5,54,104,0.862
2005-05-30 18:00:00,dgp_regression,4.67,5.045,1.678,0.89,0.5,54,101,0.843
2005-05-30 21:00:00,dgp_regression,3.33,3.829,1.581,0.37,0.5,54,89,0.893
2012-03-09,dgp_regression,6.33,4.705,2.743,1.0,0.5,54,82,0.859
2012-03-09 03:00:00,dgp_regression,8.0,6.02,2.327,1.0,0.5,54,102,0.777
2012-03-09 06:00:00,dgp_regression,7.33,7.032,1.363,1.0,0.5,54,91,0.775
2012-03-09 09:00:00,dgp_regression,6.67,6.561,2.055,1.0,0.5,54,93,0.789
2012-03-09 12:00:00,dgp_regression,5.67,6.06,1.569,0.87,0.5,54,105,0.806
2012-03-09 15:00:00,dgp_regression,3.0,5.027,1.383,0.65,0.5,54,107,0.818
2012-03-09 18:00:00,dgp_regression,2.33,3.409,1.463,0.69,0.5,54,109,0.812
2012-03-09 21:00:00,dgp_regression,4.67,2.897,1.735,0.76,0.5,54,84,0.813
2005-05-15,dgp_regression,5.67,3.395,1.821,1.0,0.5,54,92,0.781
2005-05-15 03:00:00,dgp_regression,8.33,8.732,3.345,1.0,0.5,54,84,0.888
2005-05-15 06:00:00,dgp_regression,7.67,6.962,3.619,1.0,0.5,54,92,0.848
2005-05-15 09:00:00,dgp_regression,4.0,4.879,1.898,1.0,0.5,54,100,0.799
2005-05-15 12:00:00,dgp_regression,4.0,2.733,1.576,1.0,0.5,54,94,0.798
2005-05-15 15:00:00,dgp_regression,5.0,2.96,1.636,1.0,0.5,54,86,0.784
2005-05-15 18:00:00,dgp_regression,5.0,3.875,1.183,1.0,0.5,54,90,0.807
2005-05-15 21:00:00,dgp_regression,4.0,3.965,1.857,1.0,0.5,54,82,0.79
2001-04-11,dgp_regression,2.33,2.641,2.275,0.01,0.5,54,101,0.904
2001-04-11 03:00:00,dgp_regression,2.0,2.168,2.079,0.08,0.5,54,90,0.89
2001-04-11 06:00:00,dgp_regression,2.0,2.081,2.359,1.0,0.5,54,100,0.906
2001-04-11 09:00:00,dgp_regression,3.67,1.877,2.408,1.0,0.5,54,99,0.895
2001-04-11 12:00:00,dgp_regression,8.0,3.207,2.877,1.0,0.5,54,106,0.921
2001-04-11 15:00:00,dgp_regression,7.67,7.013,2.879,1.0,0.5,54,87,0.952
2001-04-11 18:00:00,dgp_regression,8.33,7.391,3.109,1.0,0.5,54,107,0.949
2001-04-11 21:00:00,dgp_regression,7.33,7.859,3.371,1.0,0.5,54,84,0.944
2005-01-18,dgp_regression,5.67,6.133,2.901,1.0,0.5,54,99,0.905
2005-01-18 03:00:00,dgp_regression,7.67,4.816,3.957,1.0,0.5,54,94,0.942
2005-01-18 06:00:00,dgp_regression,-1.0,-1.0,-1.0,-1.0,0.5,54,82
2005-01-18 09:00:00,dgp_regression,-1.0,-1.0,-1.0,-1.0,0.5,54,87
2005-01-18 12:00:00,dgp_regression,-1.0,-1.0,-1.0,-1.0,0.5,54,101
2005-01-18 18:00:00,dgp_regression,5.67,5.23,3.697,1.0,0.5,54,86,0.946
2005-01-18 21:00:00,dgp_regression,6.33,6.254,3.267,1.0,0.5,54,94,0.959
2000-04-06,dgp_regression,4.33,1.752,1.571,0.3,0.5,54,86,0.85
2000-04-06 03:00:00,dgp_regression,2.67,3.344,2.124,0.11,0.5,54,102,0.86
2000-04-06 06:00:00,dgp_regression,2.33,2.299,2.064,0.95,0.5,54,104,0.829
2000-04-06 09:00:00,dgp_regression,3.33,2.128,1.598,1.0,0.5,54,90,0.842
2000-04-06 12:00:00,dgp_regression,6.67,2.748,1.813,1.0,0.5,54,98,0.821
2000-04-06 15:00:00,dgp_regression,8.33,5.452,2.498,1.0,0.5,54,101,0.835
2012-07-15,dgp_regression,5.33,2.971,3.149,1.0,0.5,54,99,0.863
2012-07-15 03:00:00,dgp_regression,6.67,3.654,2.953,1.0,0.5,54,83,0.88
2012-07-15 09:00:00,dgp_regression,5.33,5.607,1.602,1.0,0.5,54,99,0.826
2012-07-15 12:00:00,dgp_regression,6.0,5.009,1.763,1.0,0.5,54,96,0.832
2012-07-15 15:00:00,dgp_regression,7.0,5.499,1.635,1.0,0.5,54,95,0.834
2012-07-15 18:00:00,dgp_regression,6.0,6.063,1.491,1.0,0.5,54,90,0.854
2012-07-15 21:00:00,dgp_regression,6.33,5.246,1.672,1.0,0.5,54,92,0.846
2002-05-23,dgp_regression,2.67,2.568,1.634,0.97,0.5,54,101,0.849
2002-05-23 03:00:00,dgp_regression,2.0,2.807,1.857,1.0,0.5,54,86,0.854
2002-05-23 06:00:00,dgp_regression,6.67,2.213,1.882,1.0,0.5,54,97,0.869
2002-05-23 09:00:00,dgp_regression,7.67,5.609,2.739,1.0,0.5,54,89,0.901
2002-05-23 12:00:00,dgp_regression,8.33,6.796,2.274,1.0,0.5,54,96,0.951
2002-05-23 15:00:00,dgp_regression,5.0,7.695,2.844,0.11,0.5,54,102,0.941
2002-05-23 18:00:00,dgp_regression,3.33,5.357,2.983,0.0,0.5,54,99,0.942
2002-05-23 21:00:00,dgp_regression,-1.0,-1.0,-1.0,-1.0,0.5,54,102
2005-09-12,dgp_regression,4.33,4.506,1.971,1.0,0.5,54,83,0.883
2005-09-12 03:00:00,dgp_regression,7.0,4.232,2.005,1.0,0.5,54,88,0.893
2005-09-12 06:00:00,dgp_regression,5.67,5.82,2.664,1.0,0.5,54,94,0.959
2005-09-12 09:00:00,dgp_regression,4.67,5.527,3.0,1.0,0.5,54,92,0.945
2005-09-12 12:00:00,dgp_regression,6.0,5.28,3.254,1.0,0.5,54,99,0.923
2005-09-12 15:00:00,dgp_regression,6.0,5.707,3.328,1.0,0.5,54,108,0.927
2005-09-12 18:00:00,dgp_regression,7.0,5.608,2.849,1.0,0.5,54,100,0.902
2005-09-12 21:00:00,dgp_regression,5.67,6.332,1.912,0.99,0.5,54,91,0.889
2001-03-20,dgp_regression,5.67,4.194,1.842,1.0,0.5,54,108,0.795
2001-03-20 03:00:00,dgp_regression,6.0,4.603,2.19,1.0,0.5,54,101,0.783
2001-03-20 06:00:00,dgp_regression,5.67,4.751,2.361,1.0,0.5,54,108,0.796
2001-03-20 09:00:00,dgp_regression,7.33,4.591,1.865,1.0,0.5,54,106,0.84
2001-03-20 12:00:00,dgp_regression,7.0,6.15,2.199,1.0,0.5,54,83,0.857
2001-03-20 15:00:00,dgp_regression,4.33,6.021,2.773,0.94,0.5,54,104,0.849
2001-03-20 18:00:00,dgp_regression,3.67,4.154,2.326,0.59,0.5,54,94,0.838
2001-03-20 21:00:00,dgp_regression,4.0,3.935,2.959,0.24,0.5,54,88,0.888
2000-04-07,dgp_regression,6.0,8.542,3.571,1.0,0.5,54,94,0.893
2000-04-07 03:00:00,dgp_regression,6.0,6.213,2.618,0.99,0.5,54,103,0.851
2000-04-07 06:00:00,dgp_regression,4.0,5.115,2.039,0.92,0.5,54,85,0.87
2000-04-07 09:00:00,dgp_regression,4.0,3.698,1.563,0.86,0.5,54,108,0.872
2000-04-07 12:00:00,dgp_regression,4.33,3.636,2.223,0.83,0.5,54,84,0.878
2000-04-07 15:00:00,dgp_regression,3.67,4.084,2.388,0.36,0.5,54,93,0.879
2000-04-07 18:00:00,dgp_regression,3.67,3.371,2.246,0.11,0.5,54,87,0.883
2000-04-07 21:00:00,dgp_regression,2.33,3.351,2.281,0.07,0.5,54,95,0.881
2013-03-17,dgp_regression,2.33,1.586,0.939,1.0,0.5,54,103,0.669
2013-03-17 03:00:00,dgp_regression,6.67,1.793,1.404,1.0,0.5,54,87,0.708
2013-03-17 06:00:00,dgp_regression,6.33,6.36,2.541,1.0,0.5,54,102,0.769
2013-03-17 09:00:00,dgp_regression,5.67,5.926,2.621,1.0,0.5,54,98,0.79
2013-03-17 12:00:00,dgp_regression,6.33,5.121,2.834,1.0,0.5,54,106,0.791
2013-03-17 15:00:00,dgp_regression,6.67,5.584,2.364,1.0,0.5,54,87,0.764
2013-03-17 18:00:00,dgp_regression,6.0,5.501,2.33,0.89,0.5,54,86,0.777
2013-03-17 21:00:00,dgp_regression,3.0,4.757,3.165,0.08,0.5,54,84,0.782
2003-10-29,dgp_regression,-1.0,-1.0,-1.0,-1.0,0.5,81,123
2003-10-29 03:00:00,dgp_regression,-1.0,-1.0,-1.0,-1.0,0.5,81,134
2003-10-29 06:00:00,dgp_regression,-1.0,-1.0,-1.0,-1.0,0.5,81,114
2003-10-29 09:00:00,dgp_regression,-1.0,-1.0,-1.0,-1.0,0.5,81,119
2003-10-29 12:00:00,dgp_regression,-1.0,-1.0,-1.0,-1.0,0.5,81,124
2003-10-29 15:00:00,dgp_regression,-1.0,-1.0,-1.0,-1.0,0.5,81,133
2003-10-29 18:00:00,dgp_regression,-1.0,-1.0,-1.0,-1.0,0.5,81,111
2003-10-29 21:00:00,dgp_regression,-1.0,-1.0,-1.0,-1.0,0.5,81,111
2001-03-31,dgp_regression,8.67,6.146,2.375,1.0,0.5,81,120,0.902
2001-03-31 03:00:00,dgp_regression,8.67,9.0,2.045,1.0,0.5,81,112,0.944
2001-03-31 06:00:00,dgp_regression,6.33,8.521,2.172,1.0,0.5,81,110,0.902
2001-03-31 09:00:00,dgp_regression,7.0,6.787,2.443,1.0,0.5,81,114,0.907
2001-03-31 12:00:00,dgp_regression,8.0,6.337,2.429,1.0,0.5,81,110,0.923
2001-03-31 15:00:00,dgp_regression,8.33,7.934,2.347,1.0,0.5,81,112,0.898
2001-03-31 18:00:00,dgp_regression,7.33,7.59,2.782,1.0,0.5,81,128,0.907
2001-03-31 21:00:00,dgp_regression,5.0,6.348,2.406,1.0,0.5,81,126,0.922
2003-10-30,dgp_regression,-1.0,-1.0,-1.0,-1.0,0.5,81,126
2003-10-30 03:00:00,dgp_regression,-1.0,-1.0,-1.0,-1.0,0.5,81,125
2003-10-30 06:00:00,dgp_regression,-1.0,-1.0,-1.0,-1.0,0.5,81,111
2003-10-30 09:00:00,dgp_regression,-1.0,-1.0,-1.0,-1.0,0.5,81,112
2003-10-30 12:00:00,dgp_regression,-1.0,-1.0,-1.0,-1.0,0.5,81,123
2003-10-30 15:00:00,dgp_regression,-1.0,-1.0,-1.0,-1.0,0.5,81,121
2003-10-30 18:00:00,dgp_regression,-1.0,-1.0,-1.0,-1.0,0.5,81,116
2003-10-30 21:00:00,dgp_regression,-1.0,-1.0,-1.0,-1.0,0.5,81,131
2004-07-27,dgp_regression,7.67,8.014,2.845,1.0,0.5,81,131,0.896
2004-07-27 03:00:00,dgp_regression,7.33,9.0,1.745,1.0,0.5,81,111,0.79
2004-07-27 06:00:00,dgp_regression,8.0,7.552,1.791,1.0,0.5,81,135,0.811
2004-07-27 09:00:00,dgp_regression,8.67,8.019,1.506,1.0,0.5,81,117,0.852
2004-07-27 12:00:00,dgp_regression,8.33,7.859,2.276,1.0,0.5,81,134,0.839
2004-07-27 15:00:00,dgp_regression,6.33,7.033,3.225,1.0,0.5,81,125,0.918
2004-07-27 18:00:00,dgp_regression,6.0,5.865,3.486,0.98,0.5,81,128,0.915
2004-07-27 21:00:00,dgp_regression,3.33,5.618,2.746,0.52,0.5,81,112,0.867
2000-07-15,dgp_regression,-1.0,-1.0,-1.0,-1.0,0.5,81,110
2000-07-15 03:00:00,dgp_regression,-1.0,-1.0,-1.0,-1.0,0.5,81,133
2000-07-15 06:00:00,dgp_regression,-1.0,-1.0,-1.0,-1.0,0.5,81,133
2000-07-15 09:00:00,dgp_regression,-1.0,-1.0,-1.0,-1.0,0.5,81,111
2000-07-15 12:00:00,dgp_regression,-1.0,-1.0,-1.0,-1.0,0.5,81,123
2000-07-15 15:00:00,dgp_regression,-1.0,-1.0,-1.0,-1.0,0.5,81,111
2000-07-15 18:00:00,dgp_regression,-1.0,-1.0,-1.0,-1.0,0.5,81,110
2000-07-15 21:00:00,dgp_regression,-1.0,-1.0,-1.0,-1.0,0.5,81,127
2004-11-10,dgp_regression,8.33,8.249,2.105,1.0,0.5,81,129,0.896
2004-11-10 03:00:00,dgp_regression,8.67,8.367,1.319,1.0,0.5,81,113,0.902
2004-11-10 06:00:00,dgp_regression,8.33,8.073,1.107,1.0,0.5,81,128,0.903
2004-11-10 09:00:00,dgp_regression,7.33,7.432,1.509,1.0,0.5,81,122,0.908
2004-11-10 12:00:00,dgp_regression,6.33,6.407,1.746,1.0,0.5,81,109,0.903
2004-11-10 15:00:00,dgp_regression,5.33,5.408,1.572,0.99,0.5,81,133,0.905
2004-11-10 18:00:00,dgp_regression,4.33,4.545,1.514,0.98,0.5,81,113,0.902
2004-11-10 21:00:00,dgp_regression,4.0,3.845,2.363,0.98,0.5,81,110,0.894
2004-07-25,dgp_regression,7.33,5.48,1.794,1.0,0.5,81,135,0.708
2004-07-25 03:00:00,dgp_regression,6.33,5.74,2.125,1.0,0.5,81,135,0.726
2004-07-25 06:00:00,dgp_regression,7.67,5.077,2.27,1.0,0.5,81,122,0.751
2004-07-25 09:00:00,dgp_regression,7.33,6.225,2.916,1.0,0.5,81,130,0.779
2004-07-25 12:00:00,dgp_regression,8.0,6.327,2.793,1.0,0.5,81,135,0.798
2004-07-25 15:00:00,dgp_regression,7.33,6.639,3.064,1.0,0.5,81,131,0.839
2004-07-25 18:00:00,dgp_regression,7.33,5.774,2.748,1.0,0.5,81,118,0.875
2004-07-25 21:00:00,dgp_regression,7.33,5.863,2.127,0.98,0.5,81,132,0.781
2003-11-20,dgp_regression,3.67,1.798,2.243,1.0,0.5,81,113,0.881
2003-11-20 03:00:00,dgp_regression,6.33,3.194,2.203,1.0,0.5,81,118,0.877
2003-11-20 06:00:00,dgp_regression,6.33,5.172,3.747,1.0,0.5,81,121,0.873
2003-11-20 09:00:00,dgp_regression,7.67,6.006,3.821,1.0,0.5,81,125,0.873
2003-11-20 12:00:00,dgp_regression,8.67,6.156,2.999,1.0,0.5,81,130,0.863
2003-11-20 15:00:00,dgp_regression,8.67,7.972,2.471,1.0,0.5,81,121,0.884
2003-11-20 18:00:00,dgp_regression,8.0,8.169,2.79,1.0,0.5,81,119,0.871
2003-11-20 21:00:00,dgp_regression,6.67,7.12,2.203,1.0,0.5,81,127,0.881
2001-11-06,dgp_regression,8.67,7.376,1.88,1.0,0.5,81,132,0.875
2001-11-06 03:00:00,dgp_regression,-1.0,-1.0,-1.0,-1.0,0.5,81,124
2001-11-06 06:00:00,dgp_regression,-1.0,-1.0,-1.0,-1.0,0.5,81,133
2001-11-06 09:00:00,dgp_regression,-1.0,-1.0,-1.0,-1.0,0.5,81,110
2001-11-06 12:00:00,dgp_regression,-1.0,-1.0,-1.0,-1.0,0.5,81,133
2001-11-06 15:00:00,dgp_regression,-1.0,-1.0,-1.0,-1.0,0.5,81,131
2001-11-06 18:00:00,dgp_regression,-1.0,-1.0,-1.0,-1.0,0.5,81,134
2004-11-08,dgp_regression,8.67,9.0,1.545,1.0,0.5,81,111,0.874
2004-11-08 03:00:00,dgp_regression,8.33,9.0,1.731,1.0,0.5,81,127,0.885
2004-11-08 06:00:00,dgp_regression,7.0,7.554,1.384,1.0,0.5,81,132,0.882
2004-11-08 09:00:00,dgp_regression,5.0,6.095,1.486,0.95,0.5,81,112,0.894
2004-11-08 12:00:00,dgp_regression,2.67,4.486,1.668,0.95,0.5,81,126,0.889
2004-11-08 15:00:00,dgp_regression,4.33,2.807,1.422,1.0,0.5,81,110,0.888
2004-11-08 18:00:00,dgp_regression,5.33,3.728,1.554,1.0,0.5,81,119,0.892
2004-11-08 21:00:00,dgp_regression,5.67,4.406,1.208,1.0,0.5,81,128,0.888
2000-08-12,dgp_regression,7.33,4.698,3.458,1.0,0.5,81,132,0.908
2000-08-12 06:00:00,dgp_regression,7.67,6.777,2.358,1.0,0.5,81,119,0.862
2000-08-12 09:00:00,dgp_regression,7.33,7.009,2.295,1.0,0.5,81,120,0.859
2000-08-12 12:00:00,dgp_regression,7.33,6.95,2.155,1.0,0.5,81,118,0.862
2000-08-12 15:00:00,dgp_regression,6.33,6.738,2.704,1.0,0.5,81,117,0.866
2000-08-12 18:00:00,dgp_regression,3.67,5.857,2.538,1.0,0.5,81,116,0.866
2000-08-12 21:00:00,dgp_regression,4.33,4.102,2.851,0.99,0.5,81,116,0.868
2004-11-09,dgp_regression,6.0,4.44,1.62,1.0,0.5,81,115,0.891
2004-11-09 03:00:00,dgp_regression,5.0,4.735,1.921,1.0,0.5,81,109,0.887
2004-11-09 06:00:00,dgp_regression,6.0,4.054,1.459,1.0,0.5,81,113,0.9
2004-11-09 09:00:00,dgp_regression,7.0,5.812,3.569,1.0,0.5,81,114,0.955
2004-11-09 12:00:00,dgp_regression,6.67,6.525,3.56,1.0,0.5,81,135,0.953
2004-11-09 15:00:00,dgp_regression,8.67,5.752,3.606,1.0,0.5,81,109,0.947
2004-11-09 18:00:00,dgp_regression,7.0,8.39,4.112,1.0,0.5,81,133,0.943
2004-11-09 21:00:00,dgp_regression,7.67,8.529,2.268,1.0,0.5,81,134,0.894
2003-10-31,dgp_regression,-1.0,-1.0,-1.0,-1.0,0.5,81,136
2003-10-31 03:00:00,dgp_regression,-1.0,-1.0,-1.0,-1.0,0.5,81,129
2003-10-31 06:00:00,dgp_regression,-1.0,-1.0,-1.0,-1.0,0.5,81,111
2003-10-31 09:00:00,dgp_regression,-1.0,-1.0,-1.0,-1.0,0.5,81,135
2003-10-31 15:00:00,dgp_regression,4.0,4.875,2.134,0.99,0.5,81,126,0.879
2003-10-31 18:00:00,dgp_regression,4.33,4.207,2.046,1.0,0.5,81,124,0.866
2003-10-31 21:00:00,dgp_regression,5.0,4.351,2.224,0.99,0.5,81,128,0.866
2000-10-05 03:00:00,dgp_regression,7.67,5.977,2.148,1.0,0.5,81,128,0.881
2000-10-05 06:00:00,dgp_regression,7.33,6.936,3.27,1.0,0.5,81,119,0.917
2000-10-05 09:00:00,dgp_regression,7.67,6.375,2.848,1.0,0.5,81,127,0.91
2000-10-05 12:00:00,dgp_regression,6.67,6.537,2.425,1.0,0.5,81,112,0.893
2000-10-05 15:00:00,dgp_regression,6.33,5.673,2.153,0.99,0.5,81,128,0.889
2000-10-05 18:00:00,dgp_regression,5.0,5.332,3.02,0.22,0.5,81,126,0.899
2000-10-05 21:00:00,dgp_regression,2.67,4.235,2.672,0.0,0.5,81,110,0.902
2003-05-29,dgp_regression,3.67,3.68,3.262,0.73,0.5,81,110,0.697
2003-05-29 03:00:00,dgp_regression,3.67,3.425,2.781,1.0,0.5,81,124,0.719
2003-05-29 06:00:00,dgp_regression,3.0,3.232,2.864,1.0,0.5,81,131,0.706
2003-05-29 09:00:00,dgp_regression,7.0,2.766,2.557,1.0,0.5,81,129,0.73
2003-05-29 12:00:00,dgp_regression,7.67,5.737,2.812,1.0,0.5,81,128,0.718
2003-05-29 15:00:00,dgp_regression,8.33,6.662,2.94,1.0,0.5,81,123,0.733
2003-05-29 18:00:00,dgp_regression,8.33,9.0,4.047,1.0,0.5,81,116,0.734
2003-05-29 21:00:00,dgp_regression,7.33,9.0,3.974,1.0,0.5,81,129,0.774
2003-08-18,dgp_regression,6.33,5.154,2.916,1.0,0.5,81,120,0.764
2003-08-18 03:00:00,dgp_regression,7.0,5.2,2.981,1.0,0.5,81,122,0.798
2003-08-18 06:00:00,dgp_regression,6.67,5.73,2.295,1.0,0.5,81,136,0.783
2003-08-18 09:00:00,dgp_regression,7.0,5.488,2.558,1.0,0.5,81,135,0.841
2003-08-18 12:00:00,dgp_regression,7.33,5.876,2.592,1.0,0.5,81,115,0.842
2003-08-18 15:00:00,dgp_regression,6.33,5.981,2.437,1.0,0.5,81,128,0.808
2003-08-18 18:00:00,dgp_regression,6.0,5.405,2.44,1.0,0.5,81,132,0.803
2003-08-18 21:00:00,dgp_regression,5.67,5.264,2.747,0.93,0.5,81,136,0.84
2001-11-24,dgp_regression,5.33,2.864,2.769,1.0,0.5,81,119,0.925
2001-11-24 03:00:00,dgp_regression,8.33,4.179,2.867,1.0,0.5,81,121,0.921
2001-11-24 06:00:00,dgp_regression,7.0,5.249,2.171,1.0,0.5,81,116,0.97
2001-11-24 09:00:00,dgp_regression,7.67,6.715,2.511,1.0,0.5,81,109,0.968
2001-11-24 12:00:00,dgp_regression,7.33,6.747,2.573,1.0,0.5,81,130,0.966
2001-11-24 15:00:00,dgp_regression,3.0,6.32,2.859,0.93,0.5,81,117,0.905
2001-11-24 18:00:00,dgp_regression,4.67,3.37,3.127,0.97,0.5,81,127,0.898
2001-11-24 21:00:00,dgp_regression,1.67,4.384,2.226,0.63,0.5,81,136,0.898
2005-08-24,dgp_regression,3.33,2.522,1.752,1.0,0.5,81,121,0.896
2005-08-24 03:00:00,dgp_regression,6.33,3.133,1.768,1.0,0.5,81,119,0.879
2005-08-24 06:00:00,dgp_regression,8.67,7.108,2.686,1.0,0.5,81,126,0.921
2005-08-24 09:00:00,dgp_regression,7.33,8.909,3.069,1.0,0.5,81,121,0.92
2005-08-24 12:00:00,dgp_regression,-1.0,-1.0,-1.0,-1.0,0.5,81,134
2005-08-24 18:00:00,dgp_regression,4.33,6.001,3.101,0.98,0.5,81,130,0.933
2005-08-24 21:00:00,dgp_regression,4.67,4.119,2.603,0.77,0.5,81,125,0.925
2005-09-11,dgp_regression,7.0,5.82,2.332,1.0,0.5,81,109,0.966
2005-09-11 03:00:00,dgp_regression,7.67,7.244,1.981,1.0,0.5,81,112,0.975
2005-09-11 06:00:00,dgp_regression,-1.0,-1.0,-1.0,-1.0,0.5,81,113
2005-09-11 12:00:00,dgp_regression,5.33,6.264,3.106,1.0,0.5,81,119,0.929
2005-09-11 15:00:00,dgp_regression,6.0,4.837,3.098,1.0,0.5,81,119,0.939
2005-09-11 18:00:00,dgp_regression,4.67,5.463,2.263,1.0,0.5,81,116,0.917
2005-09-11 21:00:00,dgp_regression,4.67,4.508,2.49,1.0,0.5,81,121,0.91
2001-10-22,dgp_regression,4.67,6.137,2.183,1.0,0.5,81,111,0.859
2001-10-22 03:00:00,dgp_regression,3.67,4.313,1.901,1.0,0.5,81,113,0.854
2001-10-22 06:00:00,dgp_regression,6.0,3.603,1.791,1.0,0.5,81,134,0.863
2001-10-22 09:00:00,dgp_regression,6.0,5.199,2.046,1.0,0.5,81,125,0.856
2001-10-22 12:00:00,dgp_regression,7.33,5.263,2.005,1.0,0.5,81,119,0.86
2001-10-22 15:00:00,dgp_regression,7.0,6.156,2.243,1.0,0.5,81,120,0.865
2001-10-22 18:00:00,dgp_regression,7.0,5.756,2.354,1.0,0.5,81,133,0.877
2001-10-22 21:00:00,dgp_regression,5.33,5.589,2.051,0.98,0.5,81,132,0.874
2006-12-15,dgp_regression,7.67,6.596,1.189,1.0,0.5,81,124,0.771
2006-12-15 03:00:00,dgp_regression,6.67,5.948,1.191,1.0,0.5,81,134,0.793
2006-12-15 06:00:00,dgp_regression,5.67,5.206,1.152,1.0,0.5,81,117,0.766
2006-12-15 09:00:00,dgp_regression,6.0,4.355,2.335,0.99,0.5,81,117,0.801
2006-12-15 12:00:00,dgp_regression,4.0,4.507,3.289,0.88,0.5,81,114,0.768
2006-12-15 15:00:00,dgp_regression,4.0,3.253,3.535,0.71,0.5,81,134,0.837
2006-12-15 18:00:00,dgp_regression,3.67,3.056,2.347,0.37,0.5,81,120,0.795
2006-12-15 21:00:00,dgp_regression,3.0,3.156,1.267,0.03,0.5,81,120,0.781
2000-05-24,dgp_regression,7.67,7.211,2.774,1.0,0.5,81,136,0.878
2000-05-24 03:00:00,dgp_regression,6.0,6.812,2.467,1.0,0.5,81,119,0.869
2000-05-24 06:00:00,dgp_regression,5.67,5.308,3.206,1.0,0.5,81,129,0.917
2000-05-24 09:00:00,dgp_regression,5.0,5.275,3.348,1.0,0.5,81,118,0.874
2000-05-24 12:00:00,dgp_regression,5.0,4.582,2.411,1.0,0.5,81,125,0.886
2000-05-24 15:00:00,dgp_regression,6.0,4.36,1.874,0.99,0.5,81,123,0.871
2000-05-24 18:00:00,dgp_regression,4.33,4.984,1.889,0.99,0.5,81,118,0.87
2000-05-24 21:00:00,dgp_regression,4.67,3.943,1.722,0.99,0.5,81,135,0.877
2005-05-08,dgp_regression,5.33,5.243,3.603,1.0,0.5,81,136,0.886
2005-05-08 03:00:00,dgp_regression,3.67,4.131,3.435,1.0,0.5,81,110,0.843
2005-05-08 06:00:00,dgp_regression,6.0,3.221,2.162,1.0,0.5,81,127,0.845
2005-05-08 09:00:00,dgp_regression,8.33,5.875,3.806,1.0,0.5,81,122,0.909
2005-05-08 12:00:00,dgp_regression,7.67,8.005,3.722,1.0,0.5,81,112,0.911
2005-05-08 15:00:00,dgp_regression,5.33,6.95,3.773,0.98,0.5,81,119,0.911
2005-05-08 18:00:00,dgp_regression,3.67,4.983,3.696,0.56,0.5,81,132,0.877
2005-05-08 21:00:00,dgp_regression,3.0,4.043,3.484,0.03,0.5,81,121,0.825
2005-05-30,dgp_regression,3.33,3.712,2.362,1.0,0.5,81,119,0.827
2005-05-30 03:00:00,dgp_regression,6.33,2.892,1.316,1.0,0.5,81,109,0.829
2005-05-30 06:00:00,dgp_regression,6.33,4.835,2.259,1.0,0.5,81,112,0.828
2005-05-30 09:00:00,dgp_regression,7.33,5.008,1.372,1.0,0.5,81,123,0.832
2005-05-30 12:00:00,dgp_regression,7.67,5.639,1.446,1.0,0.5,81,134,0.843
2005-05-30 15:00:00,dgp_regression,6.67,5.841,1.548,1.0,0.5,81,135,0.861
2005-05-30 21:00:00,dgp_regression,3.33,3.74,1.381,0.37,0.5,81,127,0.873
2012-03-09,dgp_regression,6.33,4.672,2.508,1.0,0.5,81,120,0.874
2012-03-09 03:00:00,dgp_regression,8.0,5.989,1.98,1.0,0.5,81,120,0.783
2012-03-09 06:00:00,dgp_regression,7.33,7.004,1.197,1.0,0.5,81,116,0.781
2012-03-09 09:00:00,dgp_regression,6.67,6.569,1.922,1.0,0.5,81,115,0.794
2012-03-09 12:00:00,dgp_regression,5.67,6.073,1.448,0.87,0.5,81,124,0.811
2012-03-09 15:00:00,dgp_regression,3.0,5.051,1.326,0.65,0.5,81,133,0.822
2012-03-09 18:00:00,dgp_regression,2.33,3.373,1.345,0.69,0.5,81,136,0.819
2012-03-09 21:00:00,dgp_regression,4.67,2.932,1.416,0.76,0.5,81,118,0.819
2005-05-15,dgp_regression,5.67,3.774,1.921,1.0,0.5,81,119,0.824
2005-05-15 03:00:00,dgp_regression,8.33,6.854,3.349,1.0,0.5,81,115,0.896
2005-05-15 09:00:00,dgp_regression,4.0,5.971,1.979,1.0,0.5,81,119,0.838
2005-05-15 12:00:00,dgp_regression,4.0,3.253,1.811,1.0,0.5,81,125,0.834
2005-05-15 15:00:00,dgp_regression,5.0,3.165,1.943,1.0,0.5,81,123,0.828
2005-05-15 18:00:00,dgp_regression,5.0,4.02,1.222,1.0,0.5,81,124,0.836
2005-05-15 21:00:00,dgp_regression,4.0,4.138,1.868,1.0,0.5,81,127,0.834
2001-04-11,dgp_regression,2.33,2.614,2.198,0.01,0.5,81,129,0.897
2001-04-11 03:00:00,dgp_regression,2.0,2.221,2.008,0.08,0.5,81,112,0.892
2001-04-11 06:00:00,dgp_regression,2.0,2.07,2.319,1.0,0.5,81,110,0.906
2001-04-11 09:00:00,dgp_regression,3.67,1.865,2.354,1.0,0.5,81,125,0.891
2001-04-11 12:00:00,dgp_regression,8.0,3.198,2.869,1.0,0.5,81,119,0.92
2001-04-11 15:00:00,dgp_regression,7.67,7.004,2.847,1.0,0.5,81,116,0.952
2001-04-11 18:00:00,dgp_regression,8.33,7.401,3.111,1.0,0.5,81,110,0.949
2001-04-11 21:00:00,dgp_regression,7.33,7.834,3.334,1.0,0.5,81,112,0.943
2005-01-18,dgp_regression,5.67,6.073,2.9,1.0,0.5,81,118,0.901
2005-01-18 03:00:00,dgp_regression,7.67,4.858,4.088,1.0,0.5,81,135,0.936
2005-01-18 06:00:00,dgp_regression,-1.0,-1.0,-1.0,-1.0,0.5,81,129
2005-01-18 09:00:00,dgp_regression,-1.0,-1.0,-1.0,-1.0,0.5,81,120
2005-01-18 12:00:00,dgp_regression,-1.0,-1.0,-1.0,-1.0,0.5,81,134
2005-01-18 18:00:00,dgp_regression,5.67,5.281,3.742,1.0,0.5,81,128,0.942
2005-01-18 21:00:00,dgp_regression,6.33,6.397,3.33,1.0,0.5,81,131,0.956
2000-04-06,dgp_regression,4.33,1.677,1.712,0.3,0.5,81,131,0.834
2000-04-06 09:00:00,dgp_regression,3.33,2.051,1.553,1.0,0.5,81,115,0.852
2000-04-06 12:00:00,dgp_regression,6.67,2.689,1.777,1.0,0.5,81,132,0.836
2000-04-06 15:00:00,dgp_regression,8.33,5.436,2.409,1.0,0.5,81,114,0.853
2000-04-06 18:00:00,dgp_regression,8.33,7.874,3.101,1.0,0.5,81,131,0.877
2000-04-06 21:00:00,dgp_regression,8.67,8.359,2.945,1.0,0.5,81,119,0.882
2012-07-15,dgp_regression,5.33,3.461,3.256,1.0,0.5,81,127,0.862
2012-07-15 03:00:00,dgp_regression,6.67,3.771,2.971,1.0,0.5,81,113,0.864
2012-07-15 06:00:00,dgp_regression,6.0,6.29,2.753,1.0,0.5,81,134,0.85
2012-07-15 09:00:00,dgp_regression,5.33,5.786,1.701,1.0,0.5,81,130,0.846
2012-07-15 12:00:00,dgp_regression,6.0,5.162,1.924,1.0,0.5,81,129,0.842
2012-07-15 15:00:00,dgp_regression,7.0,5.56,1.65,1.0,0.5,81,112,0.83
2012-07-15 18:00:00,dgp_regression,6.0,6.107,1.577,1.0,0.5,81,129,0.857
2012-07-15 21:00:00,dgp_regression,6.33,5.234,1.643,1.0,0.5,81,120,0.827
2002-05-23,dgp_regression,2.67,2.567,1.705,0.97,0.5,81,128,0.831
2002-05-23 03:00:00,dgp_regression,2.0,2.889,1.837,1.0,0.5,81,118,0.843
2002-05-23 06:00:00,dgp_regression,6.67,2.276,1.77,1.0,0.5,81,135,0.846
2002-05-23 09:00:00,dgp_regression,7.67,5.561,2.707,1.0,0.5,81,136,0.868
2002-05-23 12:00:00,dgp_regression,8.33,6.865,2.315,1.0,0.5,81,117,0.948
2002-05-23 18:00:00,dgp_regression,3.33,5.124,2.839,0.0,0.5,81,126,0.946
2002-05-23 21:00:00,dgp_regression,-1.0,-1.0,-1.0,-1.0,0.5,81,125
2005-09-12,dgp_regression,4.33,4.525,1.947,1.0,0.5,81,109,0.904
2005-09-12 03:00:00,dgp_regression,7.0,4.236,1.995,1.0,0.5,81,124,0.912
2005-09-12 06:00:00,dgp_regression,5.67,5.869,2.537,1.0,0.5,81,113,0.967
2005-09-12 09:00:00,dgp_regression,4.67,5.473,2.9,1.0,0.5,81,110,0.955
2005-09-12 12:00:00,dgp_regression,6.0,4.815,3.363,1.0,0.5,81,128,0.933
2005-09-12 15:00:00,dgp_regression,6.0,5.74,3.313,1.0,0.5,81,114,0.93
2005-09-12 18:00:00,dgp_regression,7.0,5.712,2.873,1.0,0.5,81,111,0.914
2005-09-12 21:00:00,dgp_regression,5.67,6.477,1.945,0.99,0.5,81,116,0.912
2001-03-20,dgp_regression,5.67,4.167,1.908,1.0,0.5,81,124,0.851
2001-03-20 03:00:00,dgp_regression,6.0,4.684,2.395,1.0,0.5,81,113,0.839
2001-03-20 06:00:00,dgp_regression,5.67,4.897,2.464,1.0,0.5,81,136,0.868
2001-03-20 09:00:00,dgp_regression,7.33,4.637,1.922,1.0,0.5,81,127,0.878
2001-03-20 12:00:00,dgp_regression,7.0,6.032,2.192,1.0,0.5,81,112,0.877
2001-03-20 15:00:00,dgp_regression,4.33,5.919,2.743,0.94,0.5,81,123,0.877
2001-03-20 18:00:00,dgp_regression,3.67,4.03,2.325,0.59,0.5,81,124,0.867
2001-03-20 21:00:00,dgp_regression,4.0,3.768,2.464,0.24,0.5,81,113,0.879
2000-04-07,dgp_regression,6.0,8.615,3.418,1.0,0.5,81,111,0.888
2000-04-07 03:00:00,dgp_regression,6.0,6.243,2.594,0.99,0.5,81,127,0.861
2000-04-07 06:00:00,dgp_regression,4.0,5.372,2.042,0.92,0.5,81,127,0.85
2000-04-07 09:00:00,dgp_regression,4.0,3.75,1.687,0.86,0.5,81,127,0.878
2000-04-07 18:00:00,dgp_regression,3.67,3.308,2.236,0.11,0.5,81,131,0.877
2000-04-07 21:00:00,dgp_regression,2.33,3.255,2.288,0.07,0.5,81,123,0.875
2013-03-17,dgp_regression,2.33,1.618,0.932,1.0,0.5,81,119,0.676
2013-03-17 03:00:00,dgp_regression,6.67,1.856,1.4,1.0,0.5,81,120,0.697
2013-03-17 06:00:00,dgp_regression,6.33,6.197,2.405,1.0,0.5,81,124,0.827
2013-03-17 09:00:00,dgp_regression,5.67,5.728,2.444,1.0,0.5,81,134,0.839
2013-03-17 12:00:00,dgp_regression,6.33,5.067,2.781,1.0,0.5,81,112,0.784
2013-03-17 15:00:00,dgp_regression,6.67,5.431,2.347,1.0,0.5,81,110,0.745
2013-03-17 18:00:00,dgp_regression,6.0,5.329,2.407,0.89,0.5,81,131,0.804
2013-03-17 21:00:00,dgp_regression,3.0,4.819,2.997,0.08,0.5,81,132,0.811
2003-10-29,dgp_regression,-1.0,-1.0,-1.0,-1.0,0.5,108,150
2003-10-29 03:00:00,dgp_regression,-1.0,-1.0,-1.0,-1.0,0.5,108,139
2003-10-29 06:00:00,dgp_regression,-1.0,-1.0,-1.0,-1.0,0.5,108,138
2003-10-29 09:00:00,dgp_regression,-1.0,-1.0,-1.0,-1.0,0.5,108,159
2003-10-29 12:00:00,dgp_regression,-1.0,-1.0,-1.0,-1.0,0.5,108,163
2003-10-29 15:00:00,dgp_regression,-1.0,-1.0,-1.0,-1.0,0.5,108,153
2003-10-29 18:00:00,dgp_regression,-1.0,-1.0,-1.0,-1.0,0.5,108,162
2003-10-29 21:00:00,dgp_regression,-1.0,-1.0,-1.0,-1.0,0.5,108,148
2001-03-31,dgp_regression,8.67,6.293,2.866,1.0,0.5,108,161,0.918
2001-03-31 03:00:00,dgp_regression,8.67,8.848,2.673,1.0,0.5,108,156,0.95
2001-03-31 06:00:00,dgp_regression,6.33,8.232,2.576,1.0,0.5,108,155,0.908
2001-03-31 09:00:00,dgp_regression,7.0,6.634,2.715,1.0,0.5,108,153,0.916
2001-03-31 12:00:00,dgp_regression,8.0,6.351,2.896,1.0,0.5,108,144,0.909
2001-03-31 15:00:00,dgp_regression,8.33,7.506,2.566,1.0,0.5,108,157,0.908
2001-03-31 18:00:00,dgp_regression,7.33,7.429,2.805,1.0,0.5,108,152,0.907
2001-03-31 21:00:00,dgp_regression,5.0,6.429,2.572,1.0,0.5,108,154,0.911
2003-10-30,dgp_regression,-1.0,-1.0,-1.0,-1.0,0.5,108,154
2003-10-30 03:00:00,dgp_regression,-1.0,-1.0,-1.0,-1.0,0.5,108,150
2003-10-30 06:00:00,dgp_regression,-1.0,-1.0,-1.0,-1.0,0.5,108,158
2003-10-30 09:00:00,dgp_regression,-1.0,-1.0,-1.0,-1.0,0.5,108,158
2003-10-30 12:00:00,dgp_regression,-1.0,-1.0,-1.0,-1.0,0.5,108,145
2003-10-30 15:00:00,dgp_regression,-1.0,-1.0,-1.0,-1.0,0.5,108,163
2003-10-30 18:00:00,dgp_regression,-1.0,-1.0,-1.0,-1.0,0.5,108,163
2003-10-30 21:00:00,dgp_regression,-1.0,-1.0,-1.0,-1.0,0.5,108,152
2004-07-27,dgp_regression,7.67,7.971,2.992,1.0,0.5,108,161,0.887
2004-07-27 03:00:00,dgp_regression,7.33,9.0,1.762,1.0,0.5,108,145,0.806
2004-07-27 06:00:00,dgp_regression,8.0,7.737,1.795,1.0,0.5,108,154,0.805
2004-07-27 09:00:00,dgp_regression,8.67,8.015,1.503,1.0,0.5,108,143,0.831
2004-07-27 12:00:00,dgp_regression,8.33,7.953,2.303,1.0,0.5,108,142,0.841
2004-07-27 15:00:00,dgp_regression,6.33,7.06,3.668,1.0,0.5,108,160,0.889
2004-07-27 18:00:00,dgp_regression,6.0,5.814,3.408,0.98,0.5,108,163,0.907
2004-07-27 21:00:00,dgp_regression,3.33,5.479,2.754,0.52,0.5,108,146,0.862
2000-07-15,dgp_regression,-1.0,-1.0,-1.0,-1.0,0.5,108,156
2000-07-15 03:00:00,dgp_regression,-1.0,-1.0,-1.0,-1.0,0.5,108,158
2000-07-15 06:00:00,dgp_regression,-1.0,-1.0,-1.0,-1.0,0.5,108,154
2000-07-15 09:00:00,dgp_regression,-1.0,-1.0,-1.0,-1.0,0.5,108,160
2000-07-15 12:00:00,dgp_regression,-1.0,-1.0,-1.0,-1.0,0.5,108,159
2000-07-15 15:00:00,dgp_regression,-1.0,-1.0,-1.0,-1.0,0.5,108,157
2000-07-15 18:00:00,dgp_regression,-1.0,-1.0,-1.0,-1.0,0.5,108,161
2000-07-15 21:00:00,dgp_regression,-1.0,-1.0,-1.0,-1.0,0.5,108,136
2004-11-10,dgp_regression,8.33,8.264,2.031,1.0,0.5,108,161,0.883
2004-11-10 03:00:00,dgp_regression,8.67,8.332,1.331,1.0,0.5,108,150,0.892
2004-11-10 06:00:00,dgp_regression,8.33,8.037,1.054,1.0,0.5,108,145,0.897
2004-11-10 09:00:00,dgp_regression,7.33,7.357,1.341,1.0,0.5,108,162,0.895
2004-11-10 12:00:00,dgp_regression,6.33,6.361,1.674,1.0,0.5,108,157,0.898
2004-11-10 15:00:00,dgp_regression,5.33,5.38,1.51,0.99,0.5,108,146,0.902
2004-11-10 18:00:00,dgp_regression,4.33,4.562,1.485,0.98,0.5,108,152,0.898
2004-11-10 21:00:00,dgp_regression,4.0,3.829,2.28,0.98,0.5,108,146,0.891
2004-07-25,dgp_regression,7.33,5.441,1.742,1.0,0.5,108,151,0.716
2004-07-25 03:00:00,dgp_regression,6.33,5.702,2.115,1.0,0.5,108,153,0.734
2004-07-25 06:00:00,dgp_regression,7.67,5.008,2.312,1.0,0.5,108,154,0.742
2004-07-25 09:00:00,dgp_regression,7.33,6.157,3.041,1.0,0.5,108,151,0.781
2004-07-25 12:00:00,dgp_regression,8.0,6.289,3.394,1.0,0.5,108,156,0.787
2004-07-25 15:00:00,dgp_regression,7.33,6.635,3.623,1.0,0.5,108,149,0.832
2004-07-25 18:00:00,dgp_regression,7.33,5.654,3.302,1.0,0.5,108,156,0.833
2004-07-25 21:00:00,dgp_regression,7.33,5.933,2.154,0.98,0.5,108,151,0.781
2003-11-20,dgp_regression,3.67,1.625,2.236,1.0,0.5,108,163,0.885
2003-11-20 03:00:00,dgp_regression,6.33,3.302,2.407,1.0,0.5,108,159,0.884
2003-11-20 06:00:00,dgp_regression,6.33,5.393,3.734,1.0,0.5,108,143,0.877
2003-11-20 09:00:00,dgp_regression,7.67,6.377,3.657,1.0,0.5,108,158,0.885
2003-11-20 12:00:00,dgp_regression,8.67,6.895,2.933,1.0,0.5,108,160,0.876
2003-11-20 15:00:00,dgp_regression,8.67,8.293,2.424,1.0,0.5,108,162,0.892
2003-11-20 18:00:00,dgp_regression,8.0,8.279,2.668,1.0,0.5,108,143,0.876
2003-11-20 21:00:00,dgp_regression,6.67,7.139,2.241,1.0,0.5,108,153,0.884
2001-11-06,dgp_regression,8.67,7.327,1.898,1.0,0.5,108,159,0.876
2001-11-06 03:00:00,dgp_regression,-1.0,-1.0,-1.0,-1.0,0.5,108,150
2001-11-06 06:00:00,dgp_regression,-1.0,-1.0,-1.0,-1.0,0.5,108,160
2001-11-06 09:00:00,dgp_regression,-1.0,-1.0,-1.0,-1.0,0.5,108,143
2001-11-06 12:00:00,dgp_regression,-1.0,-1.0,-1.0,-1.0,0.5,108,159
2001-11-06 15:00:00,dgp_regression,-1.0,-1.0,-1.0,-1.0,0.5,108,158
2001-11-06 18:00:00,dgp_regression,-1.0,-1.0,-1.0,-1.0,0.5,108,141
2004-11-08,dgp_regression,8.67,9.0,1.569,1.0,0.5,108,136,0.863
2004-11-08 03:00:00,dgp_regression,8.33,9.0,1.723,1.0,0.5,108,161,0.866
2004-11-08 06:00:00,dgp_regression,7.0,7.551,1.353,1.0,0.5,108,152,0.873
2004-11-08 09:00:00,dgp_regression,5.0,6.138,1.37,0.95,0.5,108,157,0.877
2004-11-08 12:00:00,dgp_regression,2.67,4.491,1.648,0.95,0.5,108,141,0.882
2004-11-08 15:00:00,dgp_regression,4.33,2.831,1.367,1.0,0.5,108,140,0.883
2004-11-08 18:00:00,dgp_regression,5.33,3.728,1.472,1.0,0.5,108,144,0.882
2004-11-08 21:00:00,dgp_regression,5.67,4.382,1.187,1.0,0.5,108,143,0.882
2000-08-12,dgp_regression,7.33,4.68,3.367,1.0,0.5,108,140,0.915
2000-08-12 03:00:00,dgp_regression,7.67,6.6,3.18,1.0,0.5,108,143,0.912
2000-08-12 06:00:00,dgp_regression,7.67,7.044,2.52,1.0,0.5,108,139,0.874
2000-08-12 09:00:00,dgp_regression,7.33,7.194,2.304,1.0,0.5,108,149,0.881
2000-08-12 12:00:00,dgp_regression,7.33,7.028,2.112,1.0,0.5,108,145,0.882
2000-08-12 15:00:00,dgp_regression,6.33,6.777,2.518,1.0,0.5,108,148,0.883
2000-08-12 18:00:00,dgp_regression,3.67,5.888,2.502,1.0,0.5,108,137,0.876
2000-08-12 21:00:00,dgp_regression,4.33,4.144,2.698,0.99,0.5,108,136,0.875
2004-11-09,dgp_regression,6.0,4.492,1.613,1.0,0.5,108,163,0.874
2004-11-09 06:00:00,dgp_regression,6.0,4.041,1.392,1.0,0.5,108,142,0.891
2004-11-09 09:00:00,dgp_regression,7.0,5.715,3.651,1.0,0.5,108,157,0.947
2004-11-09 12:00:00,dgp_regression,6.67,6.524,3.656,1.0,0.5,108,162,0.946
2004-11-09 15:00:00,dgp_regression,8.67,5.659,3.592,1.0,0.5,108,138,0.946
2004-11-09 18:00:00,dgp_regression,7.0,8.341,4.177,1.0,0.5,108,155,0.938
2004-11-09 21:00:00,dgp_regression,7.67,8.494,2.24,1.0,0.5,108,155,0.888
2003-10-31,dgp_regression,-1.0,-1.0,-1.0,-1.0,0.5,108,144
2003-10-31 03:00:00,dgp_regression,-1.0,-1.0,-1.0,-1.0,0.5,108,161
2003-10-31 06:00:00,dgp_regression,-1.0,-1.0,-1.0,-1.0,0.5,108,145
2003-10-31 09:00:00,dgp_regression,-1.0,-1.0,-1.0,-1.0,0.5,108,150
2003-10-31 15:00:00,dgp_regression,4.0,4.819,2.44,0.99,0.5,108,140,0.885
2003-10-31 18:00:00,dgp_regression,4.33,4.226,2.074,1.0,0.5,108,136,0.864
2003-10-31 21:00:00,dgp_regression,5.0,4.375,2.273,0.99,0.5,108,141,0.875
2000-10-05,dgp_regression,6.67,4.274,2.396,1.0,0.5,108,149,0.885
2000-10-05 03:00:00,dgp_regression,7.67,5.949,2.137,1.0,0.5,108,149,0.886
2000-10-05 06:00:00,dgp_regression,7.33,6.95,3.245,1.0,0.5,108,140,0.922
2000-10-05 09:00:00,dgp_regression,7.67,6.452,2.934,1.0,0.5,108,154,0.906
2000-10-05 12:00:00,dgp_regression,6.67,6.514,2.304,1.0,0.5,108,153,0.895
2000-10-05 15:00:00,dgp_regression,6.33,5.735,2.15,0.99,0.5,108,149,0.895
2000-10-05 18:00:00,dgp_regression,5.0,5.278,2.978,0.22,0.5,108,150,0.894
2000-10-05 21:00:00,dgp_regression,2.67,4.174,2.668,0.0,0.5,108,158,0.897
2003-05-29,dgp_regression,3.67,3.697,3.222,0.73,0.5,108,138,0.721
2003-05-29 03:00:00,dgp_regression,3.67,3.441,2.696,1.0,0.5,108,140,0.726
2003-05-29 06:00:00,dgp_regression,3.0,3.25,2.772,1.0,0.5,108,163,0.728
2003-05-29 09:00:00,dgp_regression,7.0,2.788,2.338,1.0,0.5,108,144,0.754
2003-05-29 12:00:00,dgp_regression,7.67,5.962,2.508,1.0,0.5,108,150,0.734
2003-05-29 15:00:00,dgp_regression,8.33,7.042,2.621,1.0,0.5,108,163,0.736
2003-05-29 18:00:00,dgp_regression,8.33,9.0,3.985,1.0,0.5,108,149,0.769
2003-05-29 21:00:00,dgp_regression,7.33,9.0,3.987,1.0,0.5,108,163,0.784
2003-08-18,dgp_regression,6.33,5.192,2.955,1.0,0.5,108,153,0.784
2003-08-18 03:00:00,dgp_regression,7.0,5.293,2.973,1.0,0.5,108,157,0.812
2003-08-18 06:00:00,dgp_regression,6.67,5.774,2.31,1.0,0.5,108,163,0.797
2003-08-18 09:00:00,dgp_regression,7.0,5.561,2.559,1.0,0.5,108,160,0.857
2003-08-18 12:00:00,dgp_regression,7.33,5.821,2.592,1.0,0.5,108,146,0.841
2003-08-18 15:00:00,dgp_regression,6.33,6.061,2.325,1.0,0.5,108,149,0.825
2003-08-18 18:00:00,dgp_regression,6.0,5.446,2.288,1.0,0.5,108,138,0.806
2003-08-18 21:00:00,dgp_regression,5.67,5.335,2.757,0.93,0.5,108,156,0.857
2001-11-24,dgp_regression,5.33,2.798,2.599,1.0,0.5,108,147,0.921
2001-11-24 03:00:00,dgp_regression,8.33,4.104,2.639,1.0,0.5,108,154,0.919
2001-11-24 06:00:00,dgp_regression,7.0,5.989,2.079,1.0,0.5,108,145,0.97
2001-11-24 09:00:00,dgp_regression,7.67,6.628,2.422,1.0,0.5,108,140,0.968
2001-11-24 12:00:00,dgp_regression,7.33,6.75,2.585,1.0,0.5,108,137,0.965
2001-11-24 15:00:00,dgp_regression,3.0,6.274,2.731,0.93,0.5,108,143,0.906
2001-11-24 18:00:00,dgp_regression,4.67,3.369,3.037,0.97,0.5,108,138,0.902
2001-11-24 21:00:00,dgp_regression,1.67,4.352,2.107,0.63,0.5,108,162,0.898
2005-08-24,dgp_regression,3.33,2.52,1.735,1.0,0.5,108,143,0.895
2005-08-24 03:00:00,dgp_regression,6.33,3.12,1.696,1.0,0.5,108,149,0.877
2005-08-24 06:00:00,dgp_regression,8.67,7.183,2.763,1.0,0.5,108,136,0.918
2005-08-24 09:00:00,dgp_regression,7.33,8.948,3.044,1.0,0.5,108,140,0.92
2005-08-24 12:00:00,dgp_regression,-1.0,-1.0,-1.0,-1.0,0.5,108,137
2005-08-24 18:00:00,dgp_regression,4.33,6.095,3.225,0.98,0.5,108,151,0.928
2005-08-24 21:00:00,dgp_regression,4.67,4.181,2.797,0.77,0.5,108,143,0.924
2005-09-11 03:00:00,dgp_regression,7.67,7.828,2.316,1.0,0.5,108,139,0.975
2005-09-11 06:00:00,dgp_regression,-1.0,-1.0,-1.0,-1.0,0.5,108,138
2005-09-11 12:00:00,dgp_regression,5.33,6.293,3.019,1.0,0.5,108,145,0.92
2005-09-11 15:00:00,dgp_regression,6.0,4.896,3.249,1.0,0.5,108,146,0.936
2005-09-11 18:00:00,dgp_regression,4.67,5.405,2.175,1.0,0.5,108,149,0.915
2005-09-11 21:00:00,dgp_regression,4.67,4.47,2.448,1.0,0.5,108,144,0.91
2001-10-22,dgp_regression,4.67,6.316,2.128,1.0,0.5,108,142,0.858
2001-10-22 03:00:00,dgp_regression,3.67,4.265,1.908,1.0,0.5,108,136,0.864
2001-10-22 06:00:00,dgp_regression,6.0,3.489,1.799,1.0,0.5,108,154,0.863
2001-10-22 09:00:00,dgp_regression,6.0,4.989,1.948,1.0,0.5,108,160,0.856
2001-10-22 12:00:00,dgp_regression,7.33,5.157,2.144,1.0,0.5,108,144,0.859
2001-10-22 15:00:00,dgp_regression,7.0,6.091,2.23,1.0,0.5,108,144,0.866
2001-10-22 18:00:00,dgp_regression,7.0,5.727,2.344,1.0,0.5,108,145,0.872
2001-10-22 21:00:00,dgp_regression,5.33,5.554,1.985,0.98,0.5,108,148,0.87
2006-12-15,dgp_regression,7.67,6.672,1.164,1.0,0.5,108,141,0.78
2006-12-15 03:00:00,dgp_regression,6.67,6.009,1.15,1.0,0.5,108,156,0.782
2006-12-15 06:00:00,dgp_regression,5.67,5.216,1.057,1.0,0.5,108,160,0.788
2006-12-15 09:00:00,dgp_regression,6.0,4.338,2.234,0.99,0.5,108,139,0.827
2006-12-15 12:00:00,dgp_regression,4.0,4.501,3.101,0.88,0.5,108,151,0.799
2006-12-15 15:00:00,dgp_regression,4.0,3.235,3.499,0.71,0.5,108,148,0.833
2006-12-15 18:00:00,dgp_regression,3.67,3.104,2.344,0.37,0.5,108,151,0.786
2006-12-15 21:00:00,dgp_regression,3.0,3.105,1.241,0.03,0.5,108,139,0.769
2000-05-24,dgp_regression,7.67,7.364,2.681,1.0,0.5,108,160,0.871
2000-05-24 03:00:00,dgp_regression,6.0,6.814,2.443,1.0,0.5,108,138,0.873
2000-05-24 06:00:00,dgp_regression,5.67,5.303,3.32,1.0,0.5,108,148,0.906
2000-05-24 09:00:00,dgp_regression,5.0,5.147,3.344,1.0,0.5,108,140,0.874
2000-05-24 12:00:00,dgp_regression,5.0,4.56,2.359,1.0,0.5,108,140,0.881
2000-05-24 15:00:00,dgp_regression,6.0,4.425,1.814,0.99,0.5,108,156,0.869
2000-05-24 18:00:00,dgp_regression,4.33,5.031,1.795,0.99,0.5,108,163,0.879
2000-05-24 21:00:00,dgp_regression,4.67,3.952,1.696,0.99,0.5,108,154,0.874
2005-05-08,dgp_regression,5.33,5.176,3.578,1.0,0.5,108,162,0.886
2005-05-08 03:00:00,dgp_regression,3.67,4.207,3.404,1.0,0.5,108,156,0.868
2005-05-08 06:00:00,dgp_regression,6.0,3.237,2.309,1.0,0.5,108,162,0.845
2005-05-30,dgp_regression,3.33,3.779,2.465,1.0,0.5,108,143,0.853
2005-05-30 03:00:00,dgp_regression,6.33,3.06,1.424,1.0,0.5,108,157,0.854
2005-05-30 06:00:00,dgp_regression,6.33,4.954,2.225,1.0,0.5,108,141,0.842
2005-05-30 09:00:00,dgp_regression,7.33,5.155,1.382,1.0,0.5,108,137,0.844
2005-05-30 12:00:00,dgp_regression,7.67,5.6,1.455,1.0,0.5,108,136,0.841
2005-05-30 15:00:00,dgp_regression,6.67,5.832,1.561,1.0,0.5,108,140,0.863
2005-05-30 18:00:00,dgp_regression,4.67,5.091,1.619,0.89,0.5,108,136,0.848
2005-05-30 21:00:00,dgp_regression,3.33,3.599,1.297,0.37,0.5,108,153,0.866
2012-03-09,dgp_regression,6.33,4.604,2.617,1.0,0.5,108,146,0.878
2012-03-09 03:00:00,dgp_regression,8.0,5.633,1.88,1.0,0.5,108,155,0.776
2012-03-09 06:00:00,dgp_regression,7.33,6.629,1.165,1.0,0.5,108,151,0.784
2012-03-09 09:00:00,dgp_regression,6.67,6.243,1.896,1.0,0.5,108,162,0.792
2012-03-09 12:00:00,dgp_regression,5.67,5.986,1.463,0.87,0.5,108,140,0.823
2012-03-09 15:00:00,dgp_regression,3.0,4.666,1.314,0.65,0.5,108,152,0.808
2012-03-09 18:00:00,dgp_regression,2.33,3.074,1.281,0.69,0.5,108,152,0.807
2012-03-09 21:00:00,dgp_regression,4.67,2.637,1.135,0.76,0.5,108,153,0.809
2005-05-15,dgp_regression,5.67,3.792,2.029,1.0,0.5,108,150,0.838
2005-05-15 03:00:00,dgp_regression,8.33,6.49,3.927,1.0,0.5,108,156,0.923
2005-05-15 06:00:00,dgp_regression,7.67,6.774,3.843,1.0,0.5,108,140,0.882
2005-05-15 09:00:00,dgp_regression,4.0,6.182,2.148,1.0,0.5,108,159,0.851
2005-05-15 12:00:00,dgp_regression,4.0,3.463,1.886,1.0,0.5,108,151,0.847
2005-05-15 15:00:00,dgp_regression,5.0,3.211,2.077,1.0,0.5,108,140,0.847
2005-05-15 18:00:00,dgp_regression,5.0,4.028,1.277,1.0,0.5,108,136,0.846
2005-05-15 21:00:00,dgp_regression,4.0,4.175,1.936,1.0,0.5,108,163,0.851
2001-04-11,dgp_regression,2.33,2.631,2.025,0.01,0.5,108,137,0.888
2001-04-11 03:00:00,dgp_regression,2.0,2.225,1.838,0.08,0.5,108,146,0.888
2001-04-11 06:00:00,dgp_regression,2.0,2.026,2.416,1.0,0.5,108,161,0.905
2001-04-11 09:00:00,dgp_regression,3.67,1.899,2.407,1.0,0.5,108,138,0.898
2001-04-11 12:00:00,dgp_regression,8.0,3.228,2.997,1.0,0.5,108,143,0.918
2001-04-11 15:00:00,dgp_regression,7.67,7.067,2.953,1.0,0.5,108,143,0.952
2001-04-11 21:00:00,dgp_regression,7.33,7.818,3.438,1.0,0.5,108,139,0.944
2005-01-18,dgp_regression,5.67,6.055,2.888,1.0,0.5,108,140,0.9
2005-01-18 03:00:00,dgp_regression,7.67,4.845,3.995,1.0,0.5,108,156,0.941
2005-01-18 06:00:00,dgp_regression,-1.0,-1.0,-1.0,-1.0,0.5,108,157
2005-01-18 09:00:00,dgp_regression,-1.0,-1.0,-1.0,-1.0,0.5,108,159
2005-01-18 12:00:00,dgp_regression,-1.0,-1.0,-1.0,-1.0,0.5,108,152
2005-01-18 18:00:00,dgp_regression,5.67,5.27,3.687,1.0,0.5,108,141,0.944
2005-01-18 21:00:00,dgp_regression,6.33,6.302,3.264,1.0,0.5,108,158,0.959
2000-04-06,dgp_regression,4.33,1.66,1.67,0.3,0.5,108,145,0.825
2000-04-06 03:00:00,dgp_regression,2.67,3.312,1.777,0.11,0.5,108,143,0.834
2000-04-06 09:00:00,dgp_regression,3.33,2.036,1.583,1.0,0.5,108,137,0.849
2000-04-06 12:00:00,dgp_regression,6.67,2.714,1.923,1.0,0.5,108,143,0.834
2000-04-06 15:00:00,dgp_regression,8.33,5.384,2.421,1.0,0.5,108,142,0.854
2000-04-06 18:00:00,dgp_regression,8.33,7.822,3.1,1.0,0.5,108,145,0.884
2000-04-06 21:00:00,dgp_regression,8.67,8.359,3.116,1.0,0.5,108,154,0.879
2012-07-15,dgp_regression,5.33,3.808,3.263,1.0,0.5,108,156,0.893
2012-07-15 03:00:00,dgp_regression,6.67,4.425,3.282,1.0,0.5,108,152,0.872
2012-07-15 06:00:00,dgp_regression,6.0,6.443,2.739,1.0,0.5,108,150,0.855
2012-07-15 09:00:00,dgp_regression,5.33,5.933,1.736,1.0,0.5,108,143,0.847
2012-07-15 12:00:00,dgp_regression,6.0,5.292,1.95,1.0,0.5,108,138,0.844
2012-07-15 15:00:00,dgp_regression,7.0,5.685,1.735,1.0,0.5,108,139,0.849
2012-07-15 18:00:00,dgp_regression,6.0,6.148,1.583,1.0,0.5,108,142,0.856
2012-07-15 21:00:00,dgp_regression,6.33,5.343,1.732,1.0,0.5,108,156,0.852
2002-05-23,dgp_regression,2.67,2.509,1.69,0.97,0.5,108,154,0.822
2002-05-23 03:00:00,dgp_regression,2.0,2.839,1.76,1.0,0.5,108,156,0.824
2002-05-23 06:00:00,dgp_regression,6.67,2.263,1.786,1.0,0.5,108,146,0.843
2002-05-23 09:00:00,dgp_regression,7.67,5.597,2.698,1.0,0.5,108,144,0.868
2002-05-23 12:00:00,dgp_regression,8.33,6.974,2.399,1.0,0.5,108,151,0.941
2002-05-23 15:00:00,dgp_regression,5.0,7.223,2.74,0.11,0.5,108,144,0.94
2002-05-23 18:00:00,dgp_regression,3.33,4.987,2.882,0.0,0.5,108,152,0.941
2002-05-23 21:00:00,dgp_regression,-1.0,-1.0,-1.0,-1.0,0.5,108,145
2005-09-12,dgp_regression,4.33,4.449,1.893,1.0,0.5,108,157,0.906
2005-09-12 03:00:00,dgp_regression,7.0,4.169,1.911,1.0,0.5,108,154,0.909
2005-09-12 06:00:00,dgp_regression,5.67,5.911,3.194,1.0,0.5,108,143,0.963
2005-09-12 09:00:00,dgp_regression,4.67,5.204,3.219,1.0,0.5,108,146,0.956
2005-09-12 12:00:00,dgp_regression,6.0,4.818,3.384,1.0,0.5,108,163,0.933
2005-09-12 15:00:00,dgp_regression,6.0,5.439,3.308,1.0,0.5,108,151,0.929
2005-09-12 18:00:00,dgp_regression,7.0,5.408,2.707,1.0,0.5,108,145,0.914
2005-09-12 21:00:00,dgp_regression,5.67,6.115,1.859,0.99,0.5,108,149,0.911
2001-03-20 03:00:00,dgp_regression,6.0,4.855,2.68,1.0,0.5,108,163,0.868
2001-03-20 06:00:00,dgp_regression,5.67,4.961,2.546,1.0,0.5,108,156,0.871
2001-03-20 09:00:00,dgp_regression,7.33,4.78,2.531,1.0,0.5,108,150,0.894
2001-03-20 12:00:00,dgp_regression,7.0,6.003,2.586,1.0,0.5,108,144,0.898
2001-03-20 15:00:00,dgp_regression,4.33,5.907,2.798,0.94,0.5,108,139,0.893
2001-03-20 18:00:00,dgp_regression,3.67,4.031,2.482,0.59,0.5,108,144,0.89
2001-03-20 21:00:00,dgp_regression,4.0,3.708,2.454,0.24,0.5,108,139,0.86
2000-04-07 03:00:00,dgp_regression,6.0,6.217,2.62,0.99,0.5,108,150,0.869
2000-04-07 06:00:00,dgp_regression,4.0,5.491,2.068,0.92,0.5,108,156,0.861
2000-04-07 12:00:00,dgp_regression,4.33,3.711,2.2,0.83,0.5,108,155,0.879
2000-04-07 15:00:00,dgp_regression,3.67,3.826,2.343,0.36,0.5,108,149,0.867
2000-04-07 18:00:00,dgp_regression,3.67,3.294,2.169,0.11,0.5,108,146,0.872
2000-04-07 21:00:00,dgp_regression,2.33,3.23,2.0,0.07,0.5,108,137,0.865
2013-03-17,dgp_regression,2.33,1.592,0.921,1.0,0.5,108,137,0.756
2013-03-17 03:00:00,dgp_regression,6.67,1.823,1.511,1.0,0.5,108,156,0.801
2013-03-17 06:00:00,dgp_regression,6.33,5.96,2.379,1.0,0.5,108,143,0.836
2013-03-17 09:00:00,dgp_regression,5.67,5.785,2.055,1.0,0.5,108,156,0.875
2013-03-17 12:00:00,dgp_regression,6.33,4.953,2.317,1.0,0.5,108,162,0.908
2013-03-17 15:00:00,dgp_regression,6.67,5.451,2.365,1.0,0.5,108,146,0.807
2013-03-17 18:00:00,dgp_regression,6.0,5.412,2.404,0.89,0.5,108,137,0.821
2013-03-17 21:00:00,dgp_regression,3.0,4.677,3.011,0.08,0.5,108,145,0.786
